cnumber,ibu,abv,style,bcity
1,0.00,0.39,0.49598,0.28213
1,0.00,0.55,0.44583,0.41524
1,0.00,0.70,0.46637,0.41524
1,0.00,0.59,0.44583,0.41524
1,0.00,0.60,0.28994,0.41524
1,0.00,0.51,0.21017,0.41524
1,0.00,0.67,0.46637,0.41524
1,0.00,0.56,0.21484,0.41524
1,0.00,0.57,0.21484,0.41524
1,0.00,0.54,0.21484,0.41524
1,0.00,0.47,0.52088,0.17612
1,0.00,0.47,0.52088,0.17612
1,0.00,0.47,0.52088,0.17612
1,0.00,0.47,0.52088,0.17612
1,0.00,0.64,0.29501,0.36746
1,0.00,0.62,0.14557,0.36746
1,0.13,0.38,0.16544,0.36746
1,0.13,0.38,0.16544,0.36746
1,0.13,0.38,0.16544,0.36746
1,0.13,0.38,0.16544,0.36746
1,0.00,0.51,0.44583,0.08922
1,0.33,0.39,0.44583,0.08922
1,0.00,0.70,0.40722,0.08922
1,0.12,0.36,0.27293,0.08922
1,0.14,0.41,0.51971,0.08922
1,0.19,0.60,0.34718,0.32437
1,0.16,0.52,0.14150,0.32437
1,0.10,0.31,0.45666,0.32437
1,0.13,0.43,0.43721,0.32437
1,0.28,0.40,0.21484,0.32437
1,0.14,0.41,0.34732,0.13839
1,0.00,0.48,0.44583,0.46175
1,0.00,0.46,0.44583,0.36746
1,0.00,0.51,0.44583,0.36746
1,0.00,0.35,0.10891,0.36746
1,0.00,0.38,0.31309,0.36746
1,0.00,0.33,0.06278,0.12067
1,0.00,0.38,0.06278,0.12067
1,0.00,0.47,0.14150,0.12067
1,0.10,0.45,0.28994,0.12067
1,0.04,0.44,0.17396,0.12067
1,0.12,0.45,0.56246,0.12067
1,0.10,0.45,0.28994,0.12067
1,0.12,0.45,0.56246,0.12067
1,0.04,0.44,0.17396,0.12067
1,0.10,0.45,0.28994,0.12067
1,0.05,0.54,0.52939,0.12067
1,0.12,0.45,0.56246,0.12067
1,0.04,0.44,0.17396,0.12067
1,0.00,0.39,0.52088,0.20565
1,0.00,0.39,0.52088,0.20565
1,0.00,0.39,0.52088,0.20565
1,0.13,0.48,0.10891,0.53407
1,0.15,0.40,0.21484,0.03175
1,0.08,0.41,0.06278,0.11756
1,0.33,0.55,0.44583,0.00775
1,0.20,0.25,0.27293,0.38209
1,0.19,0.41,0.21017,0.38209
1,0.29,0.45,0.14557,0.22258
1,0.26,0.48,0.21017,0.22258
1,0.26,0.47,0.56246,0.22258
1,0.09,0.43,0.21017,0.01198
1,0.00,0.41,0.16544,0.01198
1,0.09,0.39,0.27241,0.01198
1,0.00,0.62,0.46637,0.00775
1,0.00,0.50,0.21484,0.00775
1,0.31,0.37,0.60787,0.00775
1,0.08,0.44,0.55751,0.00775
1,0.13,0.48,0.14150,0.00567
1,0.17,0.56,0.34410,0.00567
1,0.17,0.38,0.10891,0.00567
1,0.00,0.52,0.44583,0.00567
1,0.04,0.72,0.29501,0.00567
1,0.30,0.48,0.56246,0.00567
1,0.00,0.55,0.44583,0.06167
1,0.29,0.30,0.44583,0.06167
1,0.17,0.41,0.27293,0.06167
1,0.00,0.36,0.27241,0.06167
1,0.21,0.39,0.44110,0.41803
1,0.00,0.37,0.10891,0.37830
1,0.00,0.53,0.10700,0.37830
1,0.00,0.37,0.10891,0.37830
1,0.08,0.39,0.16544,0.19522
1,0.00,0.45,0.10891,0.08126
1,0.00,0.39,0.55751,0.08126
1,0.00,0.45,0.10891,0.08126
1,0.00,0.55,0.44583,0.08126
1,0.00,0.65,0.46637,0.30675
1,0.00,0.55,0.44583,0.24244
1,0.00,0.51,0.14557,0.24244
1,0.00,0.47,0.21484,0.24244
1,0.00,0.47,0.16544,0.31780
1,0.33,0.55,0.21017,0.23421
1,0.25,0.61,0.21484,0.23421
1,0.15,0.36,0.56246,0.12772
1,0.00,0.39,0.10891,0.47994
1,0.00,0.75,0.46637,0.47994
1,0.00,0.39,0.14557,0.47994
1,0.00,0.50,0.21484,0.47994
1,0.29,0.47,0.05216,0.05813
1,0.00,0.41,0.34732,0.08564
1,0.00,0.31,0.44110,0.08564
1,0.00,0.39,0.07331,0.08564
1,0.00,0.51,0.44583,0.45123
1,0.00,0.43,0.17396,0.45123
1,0.22,0.33,0.44583,0.37136
1,0.25,0.31,0.07392,0.37136
1,0.22,0.38,0.07331,0.25839
1,0.19,0.44,0.34410,0.25839
1,0.00,0.53,0.44583,0.25839
1,0.00,0.38,0.54010,0.25839
1,0.00,0.50,0.52939,0.25839
1,0.00,0.48,0.21017,0.25839
1,0.00,0.38,0.07331,0.25839
1,0.12,0.55,0.21017,0.13182
1,0.07,0.33,0.10891,0.23421
1,0.12,0.35,0.10891,0.23421
1,0.14,0.42,0.56246,0.23421
1,0.00,0.52,0.21484,0.12280
1,0.00,0.47,0.45666,0.12280
1,0.00,0.77,0.59215,0.12280
1,0.00,0.47,0.44583,0.12280
1,0.00,0.55,0.10663,0.12280
1,0.00,0.60,0.12336,0.12280
1,0.00,0.51,0.52687,0.12280
1,0.00,0.51,0.21484,0.12280
1,0.00,0.51,0.55751,0.12280
1,0.00,0.70,0.21484,0.12280
1,0.00,0.46,0.21484,0.12280
1,0.00,0.32,0.39015,0.12280
1,0.00,0.64,0.25581,0.12280
1,0.00,0.51,0.11182,0.12280
1,0.00,0.48,0.51971,0.12280
1,0.00,0.00,0.51971,0.12280
1,0.00,0.00,0.45666,0.12280
1,0.00,0.48,0.55751,0.12280
1,0.00,0.49,0.28994,0.12280
1,0.00,0.44,0.21017,0.12280
1,0.00,0.40,0.10663,0.12280
1,0.00,0.48,0.51971,0.12280
1,0.00,0.50,0.14557,0.12280
1,0.00,0.55,0.16544,0.12280
1,0.00,0.52,0.51971,0.12280
1,0.00,0.52,0.51971,0.12280
1,0.00,0.39,0.45666,0.12280
1,0.00,0.47,0.12336,0.12280
1,0.00,0.51,0.51971,0.12280
1,0.00,0.35,0.55751,0.12280
1,0.00,0.49,0.14557,0.12280
1,0.00,0.57,0.64934,0.12280
1,0.00,0.44,0.16544,0.12280
1,0.00,0.73,0.46637,0.12280
1,0.00,0.51,0.12336,0.12280
1,0.00,0.70,0.21484,0.12280
1,0.00,0.64,0.29501,0.12280
1,0.00,0.77,0.51971,0.12280
1,0.00,0.47,0.56246,0.12280
1,0.00,0.74,0.59215,0.12280
1,0.00,0.72,0.64934,0.12280
1,0.00,0.51,0.12336,0.12280
1,0.00,0.77,0.46564,0.12280
1,0.00,0.48,0.56246,0.12280
1,0.00,0.70,0.21484,0.12280
1,0.00,0.72,0.29501,0.12280
1,0.00,0.66,0.40722,0.12280
1,0.00,0.43,0.21484,0.12280
1,0.00,0.47,0.45666,0.12280
1,0.00,0.00,0.10891,0.00398
1,0.00,0.35,0.54860,0.20046
1,0.00,0.35,0.54860,0.20046
1,0.00,0.41,0.31309,0.20046
1,0.00,0.41,0.31309,0.20046
1,0.00,0.00,0.42990,0.38515
1,0.00,0.77,0.44110,0.38515
1,0.29,0.41,0.44110,0.38515
1,0.00,0.41,0.27241,0.45010
1,0.00,0.53,0.44583,0.11811
1,0.00,0.38,0.34718,0.11811
1,0.00,0.73,0.59215,0.15902
1,0.00,0.38,0.27293,0.15902
1,0.00,0.60,0.44583,0.15902
1,0.00,0.76,0.46637,0.15902
1,0.00,0.47,0.21017,0.34364
1,0.12,0.30,0.22714,0.34364
1,0.18,0.42,0.56246,0.34364
1,0.18,0.42,0.56246,0.34364
1,0.17,0.46,0.52939,0.09981
1,0.00,0.40,0.27293,0.09981
1,0.00,0.44,0.17396,0.10545
1,0.00,0.41,0.44583,0.10545
1,0.00,0.37,0.55751,0.10545
1,0.00,0.55,0.52939,0.10545
1,0.00,0.37,0.55751,0.10545
1,0.00,0.41,0.44583,0.10545
1,0.00,0.44,0.17396,0.10545
1,0.12,0.38,0.55751,0.15969
1,0.12,0.61,0.02077,0.15969
1,0.00,0.42,0.21017,0.10545
1,0.00,0.00,0.50002,0.27581
1,0.14,0.39,0.17396,0.27581
1,0.29,0.39,0.34732,0.34364
1,0.18,0.35,0.31309,0.34364
1,0.29,0.39,0.34732,0.34364
1,0.00,0.35,0.27293,0.11450
1,0.06,0.51,0.16544,0.11450
1,0.00,0.35,0.59469,0.11450
1,0.08,0.45,0.16544,0.45907
1,0.00,0.41,0.34732,0.45907
1,0.22,0.38,0.43721,0.28929
1,0.00,0.39,0.52088,0.02198
1,0.00,0.39,0.52088,0.02198
1,0.00,0.38,0.47746,0.23128
1,0.00,0.47,0.14150,0.23128
1,0.00,0.35,0.55751,0.23128
1,0.00,0.48,0.27241,0.23128
1,0.00,0.51,0.44583,0.23128
1,0.00,0.30,0.47746,0.23128
1,0.00,0.45,0.16544,0.10690
1,0.00,0.39,0.27293,0.01449
1,0.23,0.47,0.56246,0.00775
1,0.17,0.41,0.27293,0.00775
1,0.00,0.42,0.55751,0.44868
1,0.00,0.62,0.02077,0.44868
1,0.00,0.49,0.44583,0.44868
1,0.00,0.43,0.49598,0.25654
1,0.34,0.45,0.03435,0.38670
1,0.00,0.55,0.44583,0.23421
1,0.00,0.39,0.21017,0.23421
1,0.19,0.38,0.31309,0.28929
1,0.00,0.39,0.22714,0.04482
1,0.00,0.41,0.16544,0.23421
1,0.00,0.39,0.49598,0.23421
1,0.00,0.48,0.44583,0.23421
1,0.00,0.31,0.41332,0.20046
1,0.00,0.66,0.46637,0.20046
1,0.00,0.21,0.44583,0.20046
1,0.14,0.35,0.02077,0.11773
1,0.42,0.55,0.14557,0.00775
1,0.15,0.39,0.45666,0.00775
1,0.15,0.39,0.65336,0.00775
1,0.15,0.39,0.27293,0.00775
1,0.00,0.63,0.46637,0.46441
1,0.00,0.64,0.46637,0.46441
1,0.22,0.43,0.21017,0.46441
1,0.00,0.35,0.51696,0.09142
1,0.33,0.43,0.07331,0.09142
1,0.15,0.38,0.27293,0.09142
1,0.21,0.37,0.49598,0.30378
1,0.00,0.31,0.21017,0.15648
1,0.00,0.61,0.21484,0.31531
1,0.00,0.47,0.44583,0.31531
1,0.00,0.51,0.21017,0.31531
1,0.00,0.41,0.45666,0.22258
1,0.00,0.48,0.44583,0.22258
1,0.00,0.35,0.44583,0.22258
1,0.00,0.51,0.44583,0.22258
1,0.00,0.52,0.44583,0.22258
1,0.00,0.41,0.55751,0.22258
1,0.00,0.69,0.59215,0.22258
1,0.00,0.40,0.31309,0.22258
1,0.00,0.00,0.56246,0.15289
1,0.14,0.37,0.10891,0.36746
1,0.12,0.44,0.56246,0.36746
1,0.13,0.36,0.27293,0.36746
1,0.31,0.37,0.44583,0.12280
1,0.00,0.43,0.28994,0.40994
1,0.00,0.39,0.45666,0.40994
1,0.00,0.47,0.44583,0.40994
1,0.00,0.47,0.21017,0.08922
1,0.21,0.39,0.10891,0.08922
1,0.00,0.31,0.44583,0.28929
1,0.26,0.51,0.21484,0.28929
1,0.24,0.41,0.27293,0.38209
1,0.26,0.45,0.21484,0.31668
1,0.00,0.39,0.27293,0.31668
1,0.09,0.55,0.21017,0.08126
1,0.14,0.47,0.10891,0.28213
1,0.40,0.47,0.28994,0.13269
1,0.00,0.39,0.10891,0.48514
1,0.00,0.41,0.43721,0.48514
1,0.16,0.34,0.10891,0.18250
1,0.16,0.38,0.59469,0.18250
1,0.00,0.48,0.10891,0.23421
1,0.00,0.55,0.44583,0.23421
1,0.00,0.65,0.29501,0.23421
1,0.00,0.39,0.44583,0.23421
1,0.00,0.57,0.21484,0.23421
1,0.00,0.55,0.44583,0.23421
1,0.12,0.35,0.49598,0.09975
1,0.12,0.35,0.49598,0.09975
1,0.00,0.45,0.34410,0.07784
1,0.00,0.45,0.34410,0.07784
1,0.15,0.31,0.55751,0.07784
1,0.25,0.47,0.21017,0.07784
1,0.17,0.38,0.17396,0.07784
1,0.05,0.35,0.10891,0.13269
1,0.00,0.51,0.52939,0.13269
1,0.19,0.39,0.14150,0.13269
1,0.26,0.39,0.07331,0.13269
1,0.19,0.51,0.56246,0.13269
1,0.00,0.59,0.44583,0.13269
1,0.40,0.31,0.44583,0.13269
1,0.00,0.70,0.29501,0.13269
1,0.14,0.34,0.17396,0.13508
1,0.00,0.65,0.52711,0.09943
1,0.33,0.56,0.44583,0.13610
1,0.22,0.47,0.34410,0.13610
1,0.00,0.47,0.17396,0.13610
1,0.22,0.49,0.17396,0.06167
1,0.17,0.34,0.10891,0.17160
1,0.00,0.35,0.16544,0.17160
1,0.00,0.43,0.56246,0.17160
1,0.25,0.43,0.07331,0.28929
1,0.22,0.52,0.21484,0.28929
1,0.19,0.33,0.21484,0.21051
1,0.33,0.45,0.44583,0.21051
1,0.10,0.38,0.49598,0.40414
1,0.00,0.44,0.10891,0.26460
1,0.00,0.47,0.34410,0.26460
1,0.17,0.51,0.52939,0.41803
1,0.08,0.39,0.16544,0.41803
1,0.20,0.36,0.10891,0.41803
1,0.00,0.00,0.39309,0.02198
1,0.00,0.43,0.21017,0.02198
1,0.00,0.47,0.44583,0.02198
1,0.14,0.45,0.02292,0.20046
1,0.17,0.43,0.07331,0.20046
1,0.00,0.00,0.02077,0.50101
1,0.22,0.52,0.42990,0.00436
1,0.21,0.38,0.27293,0.00436
1,0.00,0.53,0.44583,0.37052
1,0.00,0.39,0.56246,0.37052
1,0.00,0.39,0.07331,0.34808
1,0.00,0.40,0.27293,0.41289
1,0.00,0.45,0.44583,0.41289
1,0.00,0.39,0.56246,0.41289
1,0.00,0.45,0.02077,0.41289
1,0.22,0.36,0.56246,0.17209
1,0.24,0.56,0.34732,0.17209
1,0.06,0.31,0.16544,0.17209
1,0.22,0.36,0.34732,0.17209
1,0.06,0.36,0.06278,0.15175
1,0.15,0.38,0.60787,0.15175
1,0.00,0.43,0.44583,0.15175
1,0.00,0.35,0.44583,0.15175
1,0.40,0.44,0.07331,0.13409
1,0.22,0.41,0.14557,0.32046
1,0.00,0.77,0.46637,0.20565
1,0.00,0.66,0.52939,0.20565
1,0.14,0.62,0.16544,0.20565
1,0.09,0.37,0.27293,0.20565
1,0.22,0.47,0.56246,0.20565
1,0.15,0.40,0.16544,0.38496
1,0.15,0.40,0.16544,0.38496
1,0.00,0.33,0.60787,0.17142
1,0.00,0.51,0.44583,0.17142
1,0.00,0.33,0.60787,0.17142
1,0.00,0.35,0.56246,0.17142
1,0.00,0.56,0.44583,0.35813
1,0.00,0.77,0.46564,0.35813
1,0.00,0.76,0.46637,0.35813
1,0.00,0.40,0.60787,0.03381
1,0.00,0.35,0.47746,0.03381
1,0.00,0.35,0.47746,0.03381
1,0.00,0.38,0.49598,0.03381
1,0.00,0.37,0.16544,0.03381
1,0.00,0.47,0.44583,0.03381
1,0.00,0.37,0.10891,0.03381
1,0.00,0.54,0.52088,0.00482
1,0.00,0.54,0.52088,0.00482
1,0.00,0.54,0.52088,0.00482
1,0.20,0.41,0.21017,0.09943
1,0.17,0.41,0.56246,0.09943
1,0.22,0.49,0.17396,0.06167
1,0.21,0.45,0.27293,0.06167
1,0.18,0.40,0.56246,0.26460
1,0.15,0.51,0.21484,0.26460
1,0.00,0.72,0.55751,0.26460
1,0.18,0.40,0.56246,0.26460
1,0.00,0.77,0.34168,0.48049
1,0.00,0.42,0.18808,0.48049
1,0.00,0.39,0.22714,0.48049
1,0.00,0.43,0.22714,0.48049
1,0.00,0.39,0.22714,0.48049
1,0.00,0.39,0.45666,0.06167
1,0.00,0.31,0.10891,0.43430
1,0.00,0.31,0.44583,0.43430
1,0.22,0.43,0.21484,0.06167
1,0.34,0.37,0.10891,0.06167
1,0.29,0.45,0.14557,0.06167
1,0.00,0.68,0.46637,0.06167
1,0.16,0.41,0.17396,0.32628
1,0.00,0.66,0.55751,0.10690
1,0.00,0.56,0.44583,0.10690
1,0.00,0.33,0.47746,0.10690
1,0.00,0.66,0.55751,0.10690
1,0.00,0.39,0.31309,0.47701
1,0.11,0.41,0.10891,0.47701
1,0.09,0.48,0.14150,0.28489
1,0.29,0.35,0.44583,0.19382
1,0.22,0.39,0.49598,0.19382
1,0.16,0.44,0.02292,0.19382
1,0.00,0.38,0.07331,0.19382
1,0.00,0.43,0.31309,0.19382
1,0.00,0.41,0.10891,0.19382
1,0.00,0.38,0.10891,0.19382
1,0.14,0.41,0.56246,0.19382
1,0.22,0.39,0.49598,0.19382
1,0.14,0.41,0.56246,0.19382
1,0.22,0.39,0.49598,0.19382
1,0.14,0.41,0.56246,0.19382
1,0.00,0.38,0.10891,0.19382
1,0.14,0.41,0.56246,0.19382
1,0.05,0.27,0.41332,0.45857
1,0.00,0.48,0.44583,0.45857
1,0.00,0.39,0.43721,0.45857
1,0.00,0.70,0.45666,0.45857
1,0.00,0.70,0.45666,0.45857
1,0.00,0.39,0.43721,0.45857
1,0.00,0.48,0.44583,0.45857
1,0.00,0.42,0.59469,0.06524
1,0.00,0.36,0.55751,0.06524
1,0.00,0.48,0.14557,0.06075
1,0.00,0.43,0.03435,0.06075
1,0.00,0.35,0.60787,0.06075
1,0.19,0.38,0.34718,0.41803
1,0.28,0.47,0.14150,0.41803
1,0.19,0.47,0.21017,0.41803
1,0.00,0.49,0.44583,0.43736
1,0.00,0.35,0.10891,0.34808
1,0.00,0.34,0.44583,0.40830
1,0.00,0.31,0.07331,0.40830
1,0.18,0.42,0.56246,0.05912
1,0.20,0.45,0.14557,0.05912
1,0.27,0.42,0.21017,0.23631
1,0.14,0.74,0.02077,0.00868
1,0.22,0.47,0.21484,0.00868
1,0.19,0.45,0.14557,0.00868
1,0.00,0.47,0.49598,0.28116
1,0.00,0.53,0.14557,0.28116
1,0.00,0.43,0.21017,0.28116
1,0.15,0.36,0.14150,0.28116
1,0.00,0.35,0.10891,0.28116
1,0.00,0.59,0.44583,0.28116
1,0.00,0.38,0.10891,0.28116
1,0.00,0.41,0.49598,0.00000
1,0.00,0.43,0.31309,0.00000
1,0.00,0.52,0.49598,0.00000
1,0.00,0.33,0.02292,0.00000
1,0.00,0.32,0.47746,0.00000
1,0.26,0.38,0.44583,0.12499
1,0.00,0.00,0.50002,0.12499
1,0.00,0.00,0.50002,0.12499
1,0.00,0.00,0.44583,0.12499
1,0.00,0.39,0.59469,0.12499
1,0.00,0.00,0.44583,0.12499
1,0.26,0.41,0.07331,0.12499
1,0.00,0.66,0.44583,0.12499
1,0.00,0.66,0.44583,0.12499
1,0.00,0.70,0.51971,0.12499
1,0.00,0.62,0.25581,0.12499
1,0.00,0.62,0.46637,0.12499
1,0.26,0.41,0.07331,0.12499
1,0.26,0.62,0.02077,0.12499
1,0.26,0.62,0.02077,0.13826
1,0.26,0.62,0.02077,0.13826
1,0.26,0.62,0.02077,0.13826
1,0.26,0.62,0.02077,0.01802
1,0.33,0.43,0.05216,0.28460
1,0.00,0.38,0.44583,0.35990
1,0.17,0.41,0.03435,0.19382
1,0.17,0.35,0.27293,0.19382
1,0.18,0.39,0.21017,0.19382
1,0.00,0.33,0.10891,0.02945
1,0.00,0.35,0.60787,0.02945
1,0.26,0.39,0.44583,0.06062
1,0.09,0.32,0.49598,0.40522
1,0.15,0.54,0.11182,0.40522
1,0.00,0.57,0.56246,0.25754
1,0.00,0.39,0.34718,0.36746
1,0.15,0.47,0.15667,0.46178
1,0.18,0.47,0.16544,0.46178
1,0.19,0.43,0.21017,0.46178
1,0.00,0.39,0.43721,0.45010
1,0.04,0.34,0.06278,0.39367
1,0.00,0.38,0.07331,0.45115
1,0.00,0.43,0.52088,0.28213
1,0.00,0.50,0.14557,0.18070
1,0.00,0.50,0.14557,0.18070
1,0.00,0.00,0.21017,0.18070
1,0.00,0.48,0.56246,0.18070
1,0.31,0.45,0.56246,0.20565
1,0.26,0.45,0.21017,0.20565
1,0.16,0.41,0.34410,0.20565
1,0.00,0.39,0.55751,0.23421
1,0.00,0.39,0.56246,0.23421
1,0.00,0.35,0.31309,0.32885
1,0.00,0.62,0.14557,0.37117
1,0.12,0.39,0.55751,0.06167
1,0.17,0.38,0.27293,0.06167
1,0.15,0.54,0.21017,0.05247
1,0.19,0.74,0.52939,0.05247
1,0.00,0.43,0.34410,0.05247
1,0.00,0.47,0.10891,0.05247
1,0.15,0.43,0.56246,0.05247
1,0.15,0.54,0.21017,0.05247
1,0.15,0.39,0.16544,0.05247
1,0.15,0.43,0.56246,0.05247
1,0.15,0.45,0.21484,0.00775
1,0.22,0.43,0.21484,0.21522
1,0.00,0.35,0.03435,0.21522
1,0.00,0.00,0.34410,0.21522
1,0.00,0.62,0.46564,0.21522
1,0.00,0.43,0.60787,0.21522
1,0.00,0.52,0.44583,0.21522
1,0.00,0.51,0.52088,0.28929
1,0.00,0.51,0.52088,0.28929
1,0.00,0.51,0.52088,0.28929
1,0.00,0.51,0.52088,0.28929
1,0.00,0.51,0.52088,0.28929
1,0.29,0.60,0.39309,0.08922
1,0.15,0.41,0.59469,0.08922
1,0.29,0.60,0.56246,0.08922
1,0.00,0.41,0.60787,0.19679
1,0.00,0.47,0.42990,0.19679
1,0.19,0.38,0.10891,0.19679
1,0.21,0.39,0.07331,0.19679
1,0.00,0.54,0.52088,0.39545
1,0.00,0.47,0.56246,0.20337
1,0.00,0.53,0.44583,0.20337
1,0.12,0.33,0.06278,0.20046
1,0.00,0.62,0.45666,0.20046
1,0.06,0.25,0.16544,0.20046
1,0.25,0.41,0.17396,0.20046
1,0.09,0.41,0.10891,0.20046
1,0.26,0.38,0.21484,0.20046
1,0.35,0.47,0.14150,0.20046
1,0.25,0.41,0.17396,0.20046
1,0.00,0.35,0.44583,0.01045
1,0.00,0.58,0.52687,0.01045
1,0.12,0.45,0.14557,0.01045
1,0.00,0.45,0.14557,0.01045
1,0.00,0.62,0.10700,0.01045
1,0.00,0.00,0.14557,0.01045
1,0.14,0.33,0.49598,0.01045
1,0.24,0.48,0.21484,0.35836
1,0.00,0.27,0.47746,0.38295
1,0.24,0.38,0.07331,0.01472
1,0.29,0.45,0.28994,0.33011
1,0.00,0.43,0.21484,0.39604
1,0.17,0.54,0.12336,0.39604
1,0.00,0.43,0.21484,0.39604
1,0.17,0.54,0.12336,0.39604
1,0.26,0.37,0.44583,0.36746
1,0.09,0.38,0.34410,0.24142
1,0.13,0.38,0.27293,0.01045
1,0.19,0.45,0.31309,0.01045
1,0.07,0.37,0.22714,0.02198
1,0.07,0.37,0.22714,0.02198
1,0.07,0.37,0.22714,0.02198
1,0.07,0.37,0.22714,0.02198
1,0.07,0.37,0.22714,0.02198
1,0.07,0.37,0.22714,0.02198
1,0.00,0.48,0.52939,0.02198
1,0.12,0.45,0.34410,0.02198
1,0.06,0.41,0.10891,0.02198
1,0.06,0.39,0.10891,0.02198
1,0.06,0.39,0.10891,0.02198
1,0.10,0.38,0.27293,0.02198
1,0.12,0.45,0.34410,0.02198
1,0.06,0.39,0.10891,0.02198
1,0.11,0.37,0.31309,0.02198
1,0.07,0.37,0.22714,0.02198
1,0.00,0.35,0.21484,0.03523
1,0.19,0.40,0.27293,0.04957
1,0.22,0.39,0.34718,0.04957
1,0.00,0.39,0.22714,0.02255
1,0.06,0.32,0.22714,0.02255
1,0.06,0.32,0.31309,0.02255
1,0.10,0.25,0.47746,0.02255
1,0.00,0.35,0.31309,0.30676
1,0.00,0.55,0.44583,0.30676
1,0.37,0.57,0.44583,0.04214
1,0.08,0.39,0.55751,0.04214
1,0.28,0.39,0.28994,0.04214
1,0.14,0.46,0.17396,0.04214
1,0.00,0.39,0.21484,0.06167
1,0.32,0.39,0.44583,0.06167
1,0.32,0.39,0.44583,0.06167
1,0.25,0.66,0.29501,0.26564
1,0.15,0.38,0.21484,0.26564
1,0.26,0.48,0.21017,0.26564
1,0.15,0.44,0.21484,0.26564
1,0.15,0.39,0.28994,0.26564
1,0.15,0.39,0.34718,0.26564
1,0.15,0.39,0.10891,0.26564
1,0.00,0.66,0.29501,0.26564
1,0.15,0.39,0.10891,0.26564
1,0.15,0.39,0.34718,0.26564
1,0.17,0.62,0.11182,0.44227
1,0.00,0.50,0.44583,0.29368
1,0.00,0.31,0.16544,0.21732
1,0.26,0.43,0.21484,0.13508
1,0.09,0.44,0.39015,0.13508
1,0.00,0.75,0.46637,0.22563
1,0.00,0.62,0.59215,0.22563
1,0.00,0.55,0.44583,0.22563
1,0.15,0.36,0.56246,0.12772
1,0.12,0.38,0.59469,0.12772
1,0.12,0.46,0.10891,0.12772
1,0.00,0.39,0.45666,0.03523
1,0.00,0.57,0.45666,0.03523
1,0.00,0.55,0.11182,0.03523
1,0.00,0.43,0.27293,0.47828
1,0.00,0.39,0.44583,0.47828
1,0.33,0.36,0.44583,0.03969
1,0.00,0.35,0.43721,0.24683
1,0.14,0.38,0.10891,0.13652
1,0.00,0.32,0.17396,0.13652
1,0.29,0.48,0.21017,0.36372
1,0.47,0.43,0.10891,0.05352
1,0.23,0.43,0.28994,0.05352
1,0.15,0.45,0.21017,0.17398
1,0.09,0.41,0.16544,0.17398
1,0.27,0.45,0.44583,0.17398
1,0.17,0.40,0.03435,0.17398
1,0.37,0.41,0.21017,0.17398
1,0.26,0.35,0.07331,0.17398
1,0.19,0.42,0.31309,0.47939
1,0.14,0.40,0.22714,0.47939
1,0.30,0.32,0.44583,0.28929
1,0.20,0.41,0.56246,0.28929
1,0.00,0.38,0.07331,0.28929
1,0.20,0.41,0.56246,0.28929
1,0.00,0.36,0.10891,0.28929
1,0.17,0.60,0.34410,0.44711
1,0.00,0.35,0.12336,0.44711
1,0.00,0.51,0.44583,0.44711
1,0.00,0.35,0.27241,0.29612
1,0.00,0.47,0.05216,0.55367
1,0.08,0.33,0.06278,0.03523
1,0.00,0.47,0.34732,0.03523
1,0.18,0.53,0.64934,0.00775
1,0.00,0.47,0.21484,0.00775
1,0.24,0.51,0.05216,0.00775
1,0.22,0.59,0.64934,0.00775
1,0.00,0.64,0.52939,0.00775
1,0.00,0.60,0.14150,0.00775
1,0.22,0.59,0.45666,0.00775
1,0.00,0.54,0.10700,0.00775
1,0.00,0.52,0.59469,0.00775
1,0.00,0.56,0.44583,0.00775
1,0.00,0.41,0.14557,0.33057
1,0.19,0.72,0.29501,0.12547
1,0.17,0.62,0.55751,0.12547
1,0.19,0.72,0.25581,0.12547
1,0.04,0.31,0.06278,0.22806
1,0.12,0.39,0.55751,0.22806
1,0.00,0.35,0.14150,0.36089
1,0.10,0.33,0.55751,0.36089
1,0.17,0.47,0.28994,0.36089
1,0.00,0.35,0.14150,0.36089
1,0.00,0.42,0.07392,0.28425
1,0.00,0.59,0.18808,0.28425
1,0.00,0.39,0.27241,0.28425
1,0.23,0.62,0.21017,0.04482
1,0.00,0.39,0.52088,0.28460
1,0.19,0.35,0.27293,0.28213
1,0.22,0.60,0.46637,0.28213
1,0.00,0.33,0.15667,0.23421
1,0.00,0.64,0.39309,0.23421
1,0.00,0.43,0.14150,0.23421
1,0.00,0.59,0.14557,0.23421
1,0.00,0.41,0.56246,0.23421
1,0.00,0.43,0.44110,0.23421
1,0.00,0.41,0.56246,0.23421
3,0.00,0.52,0.92735,0.41524
3,0.00,0.35,0.92735,0.41524
3,0.00,0.43,0.92735,0.41524
3,0.00,0.66,0.75229,0.41524
3,0.44,0.48,0.92735,0.41524
3,0.00,0.64,1.00000,0.36746
3,0.31,0.34,0.92735,0.36746
3,0.38,0.66,0.77375,0.36746
3,0.31,0.34,0.92735,0.36746
3,0.47,0.53,0.91996,0.36746
3,0.14,0.35,0.70848,0.60664
3,0.00,0.43,0.87150,0.60664
3,0.00,0.43,0.91996,0.60664
3,0.37,0.70,0.77375,0.08922
3,0.15,0.39,0.87150,0.32437
3,0.31,0.33,0.92735,0.32437
3,0.19,0.39,0.60787,0.32437
3,0.00,0.51,0.64934,0.32437
3,0.15,0.39,0.59469,0.32437
3,0.26,0.39,0.92735,0.62037
3,0.27,0.41,0.92735,0.72720
3,0.29,0.41,0.92735,0.13839
3,0.00,0.45,0.92735,0.30803
3,0.00,0.42,0.92735,0.46175
3,0.00,0.44,0.88839,0.36746
3,0.00,0.33,0.92735,0.12067
3,0.19,0.43,0.95766,0.12067
3,0.21,0.43,0.92735,0.12067
3,0.00,0.42,0.92735,0.61021
3,0.40,0.47,0.92735,0.53407
3,0.00,0.41,0.92735,0.32244
3,0.20,0.44,0.70848,0.20252
3,0.06,0.35,0.70848,0.01198
3,0.00,0.55,0.91996,0.67730
3,0.00,0.40,0.92735,0.67730
3,0.13,0.43,0.87150,0.00775
3,0.00,0.47,0.59469,0.49538
3,0.32,0.47,0.92735,0.49538
3,0.28,0.34,0.92735,0.18473
3,0.00,0.35,0.70848,0.13182
3,0.40,0.42,0.88839,0.41803
3,0.00,0.41,0.88839,0.37830
3,0.31,0.55,0.94546,0.37830
3,0.00,0.52,0.86517,0.37830
3,0.26,0.43,0.56246,0.37830
3,0.21,0.38,0.92735,0.37830
3,0.33,0.45,0.92735,0.19522
3,0.12,0.38,0.72489,0.19522
3,0.00,0.47,0.86517,0.08126
3,0.00,0.45,0.87150,0.08126
3,0.32,0.34,0.99980,0.30675
3,0.20,0.45,0.70848,0.30675
3,0.00,0.47,0.91996,0.16937
3,0.24,0.44,0.74375,0.16937
3,0.25,0.47,0.91996,0.16937
3,0.28,0.39,0.60787,0.16937
3,0.29,0.43,0.99980,0.06874
3,0.15,0.41,0.92735,0.06874
3,0.00,0.32,0.88839,0.49917
3,0.32,0.41,0.92735,0.73041
3,0.33,0.43,0.92735,0.74719
3,0.00,0.41,0.87150,0.48833
3,0.00,0.49,0.92735,0.48833
3,0.00,0.42,0.70848,0.48833
3,0.12,0.35,0.70848,0.47691
3,0.06,0.39,0.94546,0.47691
3,0.32,0.45,0.92735,0.47691
3,0.12,0.38,0.87150,0.12772
3,0.00,0.43,0.87150,0.47994
3,0.00,0.41,0.60787,0.47994
3,0.00,0.35,0.92735,0.47994
3,0.27,0.44,0.74375,0.47994
3,0.27,0.44,0.74375,0.47994
3,0.27,0.44,0.74375,0.47994
3,0.26,0.36,0.92735,0.47994
3,0.00,0.46,0.97740,0.05912
3,0.00,0.46,0.97740,0.05912
3,0.44,0.46,0.92735,0.18677
3,0.22,0.51,0.74375,0.18677
3,0.17,0.41,0.77650,0.18677
3,0.44,0.46,0.92735,0.18677
3,0.00,0.00,0.92735,0.67730
3,0.00,0.55,0.91996,0.05813
3,0.12,0.34,0.70848,0.05813
3,0.21,0.43,0.95766,0.05813
3,0.00,0.47,0.88529,0.08564
3,0.00,0.39,0.95766,0.08564
3,0.00,0.47,0.87150,0.45123
3,0.17,0.59,0.96786,0.25839
3,0.68,0.55,0.99980,0.25839
3,0.00,0.37,0.70848,0.25839
3,0.00,0.37,0.70848,0.25839
3,0.00,0.37,0.70848,0.25839
3,0.28,0.38,0.74375,0.25839
3,0.33,0.41,0.92735,0.25839
3,0.00,0.45,0.92735,0.25839
3,0.00,0.45,0.87150,0.25839
3,0.00,0.38,0.70848,0.25839
3,0.22,0.38,0.95766,0.64644
3,0.22,0.38,0.95766,0.64644
3,0.22,0.38,0.95766,0.64644
3,0.26,0.38,0.92735,0.00775
3,0.26,0.45,0.92735,0.00775
3,0.26,0.38,0.92735,0.00775
3,0.00,0.51,0.92735,0.79673
3,0.00,0.45,0.92735,0.20697
3,0.00,0.51,0.75229,0.12280
3,0.00,0.39,0.75229,0.12280
3,0.00,0.43,0.75229,0.12280
3,0.00,0.52,0.86517,0.12280
3,0.00,0.77,0.80245,0.12280
3,0.00,0.48,0.75229,0.12280
3,0.00,0.41,0.75229,0.12280
3,0.00,0.49,0.86517,0.12280
3,0.00,0.73,0.75229,0.12280
3,0.00,0.39,0.91996,0.12280
3,0.00,0.77,0.80245,0.12280
3,0.00,0.76,0.75229,0.12280
3,0.00,0.51,0.75229,0.12280
3,0.00,0.00,0.92735,0.00398
3,0.35,0.53,0.99980,0.20046
3,0.35,0.53,0.99980,0.20046
3,0.00,0.62,0.75229,0.38515
3,0.26,0.45,0.86650,0.38515
3,0.00,0.35,0.92735,0.13826
3,0.00,0.53,0.91996,0.81410
3,0.29,0.43,0.92735,0.81410
3,0.29,0.43,0.92735,0.81410
3,0.00,0.38,0.94546,0.11811
3,0.00,0.34,0.92735,0.11811
3,0.00,0.48,0.87150,0.15902
3,0.00,0.47,0.92735,0.15902
3,0.40,0.44,0.92735,0.34364
3,0.40,0.44,0.92735,0.34364
3,0.40,0.44,0.92735,0.34364
3,0.40,0.44,0.92735,0.34364
3,0.40,0.44,0.92735,0.34364
3,0.40,0.44,0.92735,0.34364
3,0.26,0.42,0.60787,0.50260
3,0.58,0.51,0.91996,0.56729
3,0.21,0.41,0.95766,0.56729
3,0.00,0.41,0.95766,0.56729
3,0.00,0.41,0.95766,0.56729
3,0.00,0.39,0.92735,0.56729
3,0.00,0.45,0.99980,0.09981
3,0.00,0.45,0.87150,0.10545
3,0.26,0.40,0.82450,0.27581
3,0.27,0.40,0.92735,0.27581
3,0.31,0.41,0.92735,0.34364
3,0.12,0.40,0.86650,0.06863
3,0.56,0.59,0.91996,0.06863
3,0.00,0.55,0.86517,0.63367
3,0.22,0.43,0.92735,0.11450
3,0.47,0.64,0.91996,0.56595
3,0.00,0.43,0.87150,0.56595
3,0.00,0.49,0.92735,0.56595
3,0.00,0.43,0.92735,0.56595
3,0.00,0.39,0.92735,0.56595
3,0.19,0.43,0.87150,0.56595
3,0.00,0.44,0.81990,0.23128
3,0.55,0.47,0.91996,0.72720
3,0.13,0.37,0.70848,0.05023
3,0.40,0.48,0.87150,0.05023
3,0.52,0.60,0.91996,0.77882
3,0.34,0.47,0.92735,0.72272
3,0.00,0.47,0.92735,0.72272
3,0.00,0.44,0.92735,0.63317
3,0.00,0.38,0.70848,0.44868
3,0.00,0.62,0.96786,0.61095
3,0.12,0.39,0.70848,0.61095
3,0.09,0.41,0.94546,0.61095
3,0.00,0.47,0.92735,0.61095
3,0.00,0.39,0.92735,0.81675
3,0.00,0.47,0.77650,0.54847
3,0.24,0.59,0.87150,0.54847
3,0.00,0.47,0.92735,0.54847
3,0.00,0.55,1.00000,0.54847
3,0.17,0.41,0.70848,0.54847
3,0.34,0.44,0.70848,0.38670
3,0.29,0.39,0.92735,0.28213
3,0.17,0.38,0.99261,0.86730
3,0.17,0.38,0.99261,0.86730
3,0.00,0.00,0.91996,0.54738
3,0.09,0.58,0.96786,0.54738
3,0.00,0.35,0.92735,0.41763
3,0.00,0.00,0.94546,0.83113
3,0.09,0.34,0.94546,0.81093
3,0.00,0.47,0.92735,0.61733
3,0.00,0.45,0.74375,0.08922
3,0.00,0.41,0.92735,0.23421
3,0.00,0.43,0.92735,0.20046
3,0.00,0.43,0.92735,0.20046
3,0.24,0.39,0.92735,0.11773
3,0.40,0.49,0.92735,0.79512
3,0.00,0.41,0.60787,0.41267
3,0.00,0.37,0.70848,0.41267
3,0.15,0.37,0.70848,0.41267
3,0.20,0.39,0.70848,0.59357
3,0.00,0.43,0.92735,0.40372
3,0.00,0.35,0.70848,0.31531
3,0.00,0.48,0.91996,0.22258
3,0.00,0.45,0.92735,0.22258
3,0.00,0.43,0.92735,0.22258
3,0.37,0.66,0.96786,0.12280
3,0.15,0.41,0.70848,0.54847
3,0.27,0.45,0.92735,0.08922
3,0.24,0.51,0.87150,0.70769
3,0.00,0.35,0.92735,0.28929
3,0.00,0.62,0.77375,0.28929
3,0.33,0.51,0.92735,0.28929
3,0.22,0.44,0.92735,0.28929
3,0.18,0.55,0.96786,0.38209
3,0.31,0.41,0.74375,0.38209
3,0.12,0.38,0.70848,0.36560
3,0.19,0.39,0.56246,0.36560
3,0.12,0.36,0.94546,0.31668
3,0.15,0.43,0.87150,0.31668
3,0.12,0.36,0.94546,0.31668
3,0.27,0.44,0.92735,0.13269
3,0.27,0.45,0.87150,0.13269
3,0.29,0.43,0.92735,0.28213
3,0.26,0.43,0.92735,0.18250
3,0.19,0.47,0.91867,0.81093
3,0.00,0.39,0.92735,0.23421
3,0.00,0.68,0.79067,0.23421
3,0.22,0.39,0.92735,0.45123
3,0.40,0.47,0.92735,0.07784
3,0.00,0.43,0.70848,0.07784
3,0.40,0.47,0.92735,0.07784
3,0.26,0.39,0.92735,0.13269
3,0.00,0.37,0.92735,0.28929
3,0.14,0.41,0.70848,0.57711
3,0.40,0.44,0.92735,0.13508
3,0.12,0.41,0.86650,0.64644
3,0.00,0.00,0.70848,0.58275
3,0.00,0.38,0.70848,0.09943
3,0.00,0.42,0.92735,0.09943
3,0.00,0.50,0.87150,0.09943
3,0.00,0.50,0.87150,0.09943
3,0.50,0.55,0.92735,0.69713
3,0.24,0.35,0.92735,0.28929
3,0.15,0.38,0.70848,0.28929
3,0.21,0.37,0.87150,0.21051
3,0.15,0.38,0.70848,0.40414
3,0.15,0.38,0.70848,0.40414
3,0.15,0.38,0.70848,0.40414
3,0.37,0.47,0.92735,0.67730
3,0.13,0.40,0.94546,0.26460
3,0.00,0.51,0.92735,0.58201
3,0.00,0.43,0.95766,0.58201
3,0.58,0.51,0.91996,0.41803
3,0.33,0.42,0.92735,0.41803
3,0.31,0.43,0.92735,0.67730
3,0.42,0.45,0.92735,0.59357
3,0.15,0.35,0.70848,0.45123
3,0.21,0.41,0.92735,0.45123
3,0.00,0.38,0.70848,0.40830
3,0.27,0.43,0.92735,0.22493
3,0.00,0.35,0.94546,0.02198
3,0.00,0.43,0.92735,0.02198
3,0.00,0.47,0.70848,0.02198
3,0.12,0.41,0.94546,0.69710
3,0.29,0.43,0.92735,0.69710
3,0.12,0.41,0.94546,0.69710
3,0.00,0.00,0.92735,0.50101
3,0.00,0.00,0.87150,0.50101
3,0.00,0.00,0.87150,0.50101
3,0.00,0.00,0.70848,0.50101
3,0.07,0.31,0.91867,0.58639
3,0.12,0.42,0.94546,0.75378
3,0.00,0.35,0.94546,0.37052
3,0.00,0.43,0.59469,0.37052
3,0.00,0.39,0.94546,0.41289
3,0.29,0.45,0.92735,0.60378
3,0.35,0.45,0.92735,0.64671
3,0.09,0.45,0.94546,0.64671
3,0.22,0.48,0.87150,0.64671
3,0.31,0.46,0.99980,0.17209
3,0.00,0.48,0.94546,0.32837
3,0.00,0.41,0.92735,0.32837
3,0.00,0.38,0.70848,0.32837
3,0.00,0.42,0.92735,0.64470
3,0.00,0.39,0.92735,0.72720
3,0.00,0.39,0.92735,0.11268
3,0.00,0.43,0.87150,0.11268
3,0.14,0.34,0.70848,0.20565
3,0.29,0.39,0.92735,0.20565
3,0.24,0.55,0.87150,0.20565
3,0.10,0.43,0.94546,0.38496
3,0.36,0.74,0.87150,0.74505
3,0.32,0.52,0.92735,0.74505
3,0.00,0.39,0.92735,0.35813
3,0.00,0.49,0.92735,0.35813
3,0.00,0.33,0.68994,0.03381
3,0.09,0.39,0.70848,0.03381
3,0.00,0.43,0.81990,0.03381
3,0.00,0.43,0.81990,0.03381
3,0.15,0.40,0.87150,0.69191
3,0.39,0.29,0.92735,0.79229
3,0.17,0.33,0.70848,0.09943
3,0.31,0.42,0.92735,0.09943
3,0.18,0.47,0.66832,0.06167
3,0.14,0.38,0.95766,0.26460
3,0.32,0.38,0.92735,0.06167
3,0.00,0.31,0.87150,0.43430
3,0.00,0.31,0.88839,0.43430
3,0.00,0.44,0.92735,0.63961
3,0.00,0.33,0.92735,0.47994
3,0.37,0.41,0.92735,0.06167
3,0.00,0.42,0.87150,0.06167
3,0.00,0.45,0.92735,0.06167
3,0.21,0.44,0.70848,0.11351
3,0.36,0.47,0.74375,0.11351
3,0.00,0.39,0.92735,0.10595
3,0.00,0.39,0.94546,0.10595
3,0.16,0.41,0.70848,0.40414
3,0.00,0.43,0.94546,0.10690
3,0.08,0.41,0.70848,0.47701
3,0.00,0.58,0.91996,0.72720
3,0.00,0.58,0.91996,0.72720
3,0.08,0.38,0.94546,0.28489
3,0.12,0.38,0.59469,0.28489
3,0.22,0.45,0.92735,0.28489
3,0.00,0.39,0.56246,0.45857
3,0.00,0.39,0.56246,0.45857
3,0.00,0.39,0.92735,0.55901
3,0.00,0.38,0.70848,0.55901
3,0.23,0.40,0.92735,0.74719
3,0.00,0.47,0.99980,0.06075
3,0.14,0.38,0.59469,0.41803
3,0.35,0.44,0.74375,0.41803
3,0.31,0.49,0.92735,0.43736
3,0.00,0.35,0.60787,0.34808
3,0.19,0.64,1.00000,0.67730
3,0.20,0.38,0.76322,0.67730
3,0.26,0.38,0.92735,0.67730
3,0.22,0.68,0.96786,0.23631
3,0.00,0.37,0.94546,0.23631
3,0.00,0.40,0.92735,0.23631
3,0.00,0.40,0.92735,0.23631
3,0.00,0.37,0.94546,0.23631
3,0.19,0.51,0.87150,0.00868
3,0.33,0.39,0.92735,0.00868
3,0.17,0.39,0.86517,0.00868
3,0.47,0.51,0.87150,0.28116
3,0.00,0.51,0.70848,0.28116
3,0.00,0.43,0.92735,0.28116
3,0.00,0.41,0.92735,0.12499
3,0.00,0.62,0.96786,0.12499
3,0.47,0.51,0.92735,0.12499
3,0.47,0.51,0.92735,0.12499
3,0.47,0.51,0.92735,0.12499
3,0.00,0.55,0.87150,0.12499
3,0.47,0.51,0.92735,0.12499
3,0.47,0.51,0.92735,0.12499
3,0.47,0.51,0.92735,0.12499
3,0.47,0.51,0.92735,0.12499
3,0.47,0.51,0.92735,0.12499
3,0.47,0.51,0.92735,0.13826
3,0.47,0.51,0.92735,0.13826
3,0.47,0.51,0.92735,0.13826
3,0.47,0.51,0.92735,0.13826
3,0.47,0.51,0.92735,0.13826
3,0.00,0.41,0.87150,0.13826
3,0.47,0.51,0.92735,0.01802
3,0.47,0.51,0.92735,0.01802
3,0.40,0.43,0.92735,0.22563
3,0.29,0.31,0.92735,0.65002
3,0.00,0.41,0.91867,0.35990
3,0.35,0.41,0.92735,0.19382
3,0.21,0.34,0.76322,0.19382
3,0.26,0.33,0.92735,0.63317
3,0.26,0.38,0.92735,0.63317
3,0.19,0.43,0.87150,0.63317
3,0.08,0.43,0.87150,0.06062
3,0.12,0.38,0.70848,0.06062
3,0.00,0.45,0.91996,0.06062
3,0.29,0.39,0.92735,0.06062
3,0.00,0.00,0.92735,0.70769
3,0.19,0.46,0.56246,0.40522
3,0.00,0.44,0.92735,0.25754
3,0.00,0.39,0.92735,0.36746
3,0.00,0.55,0.91996,0.46178
3,0.14,0.35,0.70848,0.46178
3,0.14,0.35,0.91867,0.46178
3,0.15,0.43,0.56246,0.46178
3,0.23,0.45,0.92735,0.30254
3,0.33,0.42,0.92735,0.36113
3,0.00,0.77,0.64768,0.45010
3,0.14,0.41,0.94546,0.28929
3,0.14,0.41,0.94546,0.28929
3,0.44,0.45,0.92735,0.82719
3,0.19,0.36,0.55751,0.39367
3,0.16,0.40,0.70848,0.39367
3,0.00,0.46,0.81990,0.39367
3,0.37,0.47,0.70848,0.39367
3,0.16,0.40,0.70848,0.39367
3,0.40,0.56,0.87150,0.45115
3,0.00,0.62,0.97740,0.00775
3,0.00,0.62,0.97740,0.00775
3,0.00,0.62,0.97740,0.00775
3,0.29,0.39,0.92735,0.23421
3,0.19,0.39,0.70848,0.23421
3,0.00,0.39,0.70848,0.18070
3,0.00,0.36,0.95766,0.18070
3,0.00,0.44,0.92735,0.18070
3,0.00,0.00,0.70848,0.18070
3,0.31,0.43,0.92735,0.20565
3,0.33,0.34,0.92735,0.20565
3,0.19,0.38,0.70848,0.20565
3,0.00,0.34,0.92735,0.72720
3,0.44,0.43,0.92735,0.75381
3,0.00,0.38,0.92735,0.60966
3,0.00,0.40,0.92735,0.57907
3,0.00,0.56,0.91996,0.57907
3,0.40,0.57,0.91996,0.54422
3,0.40,0.57,0.91996,0.54422
3,0.29,0.41,0.92735,0.06167
3,0.12,0.39,0.70848,0.05247
3,0.00,0.51,0.75229,0.05247
3,0.12,0.39,0.94546,0.05247
3,0.33,0.43,0.92735,0.05247
3,0.00,0.63,0.86650,0.05247
3,0.33,0.43,0.92735,0.05247
3,0.12,0.39,0.94546,0.05247
3,0.33,0.43,0.92735,0.05247
3,0.47,0.53,0.91996,0.00775
3,0.00,0.42,0.87150,0.66656
3,0.00,0.55,0.99980,0.66656
3,0.09,0.39,0.70848,0.12802
3,0.22,0.39,0.87150,0.60664
3,0.12,0.32,0.94546,0.60664
3,0.39,0.47,0.92735,0.08922
3,0.00,0.53,0.91996,0.24426
3,0.00,0.39,0.81990,0.51299
3,0.00,0.47,0.86517,0.19679
3,0.27,0.44,0.92735,0.19679
3,0.27,0.44,0.92735,0.19679
3,0.00,0.33,0.87150,0.20337
3,0.38,0.78,1.00000,0.20046
3,0.37,0.37,0.92735,0.20046
3,0.31,0.42,0.60787,0.20046
3,0.42,0.49,0.86517,0.20046
3,0.35,0.46,0.87150,0.20046
3,0.31,0.42,0.60787,0.20046
3,0.42,0.49,0.86517,0.20046
3,0.00,0.41,0.70848,0.01045
3,0.00,0.48,0.92735,0.01045
3,0.42,0.45,0.74375,0.01045
3,0.09,0.44,0.94546,0.54060
3,0.29,0.40,0.92735,0.54060
3,0.26,0.45,0.56246,0.35836
3,0.33,0.41,0.74375,0.33011
3,0.44,0.45,0.92735,0.33011
3,0.15,0.39,0.70848,0.33011
3,0.15,0.39,0.70848,0.33011
3,0.44,0.45,0.92735,0.33011
3,0.33,0.51,0.92735,0.39604
3,0.29,0.56,0.79067,0.39604
3,0.15,0.39,0.70848,0.39604
3,0.33,0.51,0.92735,0.39604
3,0.15,0.39,0.70848,0.39604
3,0.00,0.00,0.99980,0.76002
3,0.17,0.39,0.95766,0.82754
3,0.17,0.39,0.95766,0.82754
3,0.15,0.33,0.60787,0.24142
3,0.47,0.51,0.92735,0.01045
3,0.24,0.42,0.92735,0.02198
3,0.07,0.41,0.91996,0.02198
3,0.00,0.27,0.70848,0.02198
3,0.24,0.42,0.87150,0.02198
3,0.24,0.42,0.92735,0.02198
3,0.00,0.39,0.91996,0.03523
3,0.00,0.39,0.91996,0.03523
3,0.29,0.41,0.74375,0.16049
3,0.40,0.37,0.92735,0.16049
3,0.17,0.65,0.96786,0.59357
3,0.22,0.70,0.96786,0.59357
3,0.17,0.41,0.96786,0.59357
3,0.00,0.00,0.75229,0.59357
3,0.22,0.70,0.96786,0.59357
3,0.40,0.51,0.74375,0.59357
3,0.37,0.44,0.92735,0.59357
3,0.44,0.77,0.89034,0.59357
3,0.00,0.55,0.87150,0.59357
3,0.18,0.70,0.80245,0.59357
3,0.18,0.41,0.88529,0.59357
3,0.18,0.41,0.88529,0.59357
3,0.22,0.70,0.96786,0.59357
3,0.44,0.77,0.89034,0.59357
3,0.37,0.44,0.92735,0.59357
3,0.26,0.44,0.92735,0.04214
3,0.00,0.45,0.94546,0.70596
3,0.00,0.42,0.92735,0.70596
3,0.21,0.38,0.94546,0.06167
3,0.14,0.39,0.70848,0.06167
3,0.14,0.39,0.70848,0.06167
3,0.21,0.38,0.94546,0.06167
3,0.09,0.34,0.87150,0.26564
3,0.00,0.41,0.92735,0.26564
3,0.12,0.39,0.60787,0.26564
3,0.17,0.34,0.87150,0.26564
3,0.00,0.45,0.87150,0.29368
3,0.00,0.43,0.92735,0.29368
3,0.00,0.38,0.74375,0.21732
3,0.00,0.52,0.99980,0.21732
3,0.17,0.49,0.87150,0.13508
3,0.50,0.55,0.99980,0.13508
3,0.00,0.47,0.64934,0.22563
3,0.12,0.41,0.92735,0.75472
3,0.34,0.45,0.91996,0.75472
3,0.37,0.49,0.92735,0.75472
3,0.26,0.41,0.92735,0.47828
3,0.25,0.54,0.59469,0.47828
3,0.00,0.41,0.92735,0.12280
3,0.00,0.37,0.92735,0.59481
3,0.00,0.34,0.68994,0.03969
3,0.00,0.41,0.92735,0.13652
3,0.00,0.38,0.87150,0.13652
3,0.14,0.31,0.70848,0.36372
3,0.27,0.42,0.92735,0.05352
3,0.20,0.41,0.88839,0.05352
3,0.00,0.00,0.91867,0.77944
3,0.00,0.43,0.65336,0.17398
3,0.00,0.43,0.70848,0.56509
3,0.14,0.35,0.70848,0.56509
3,0.27,0.43,0.92735,0.56509
3,0.24,0.43,0.95766,0.28145
3,0.27,0.45,0.92735,0.28929
3,0.15,0.42,0.87150,0.28929
3,0.32,0.45,0.91867,0.44711
3,0.32,0.45,0.91867,0.44711
3,0.13,0.40,0.88529,0.44711
3,0.27,0.40,0.92735,0.44711
3,0.00,0.51,0.92735,0.44711
3,0.00,0.39,0.94546,0.55367
3,0.00,0.43,0.60787,0.34779
3,0.00,0.01,0.79607,0.66656
3,0.00,0.53,0.87150,0.66656
3,0.00,0.61,1.00000,0.66656
3,0.00,0.43,0.92735,0.03523
3,0.00,1.00,0.80245,0.00775
3,0.00,0.81,0.86517,0.00775
3,0.00,0.59,0.87150,0.00775
3,0.12,0.38,0.95766,0.00775
3,0.17,0.38,0.95766,0.00775
3,0.00,0.45,0.92735,0.00775
3,0.17,0.41,0.87150,0.01200
3,0.23,0.59,0.87150,0.12547
3,0.13,0.40,0.81990,0.59405
3,0.00,0.43,0.92735,0.22806
3,0.22,0.38,0.94546,0.72720
3,0.22,0.38,0.94546,0.72720
3,0.00,0.39,0.87150,0.36089
3,0.20,0.41,0.70848,0.36089
3,0.30,0.44,0.92735,0.36089
3,0.15,0.45,0.96786,0.72311
3,0.33,0.40,0.92735,0.72311
3,0.00,0.56,0.92735,0.40588
3,0.00,0.39,0.70848,0.40588
3,0.00,0.35,0.87150,0.75472
3,0.37,0.47,0.92735,0.28213
3,0.33,0.52,0.75229,0.23421
3,0.29,0.43,0.92735,0.23421
2,0.67,0.77,0.64768,0.36746
2,0.33,0.62,0.52939,0.36746
2,0.51,0.55,0.44583,0.36746
2,0.51,0.55,0.44583,0.36746
2,0.51,0.55,0.44583,0.36746
2,0.68,0.76,0.46637,0.36746
2,0.33,0.62,0.52939,0.36746
2,0.26,0.65,0.51971,0.36746
2,0.47,0.55,0.44583,0.36746
2,0.60,0.55,0.44583,0.81268
2,0.47,0.54,0.44583,0.08922
2,0.55,0.46,0.44583,0.79128
2,0.60,0.66,0.46637,0.79128
2,0.50,0.64,0.44583,0.32437
2,0.50,0.62,0.46637,0.32437
2,0.58,0.98,0.89034,0.32437
2,0.50,0.59,0.46637,0.32437
2,0.47,0.47,0.44583,0.32437
2,0.75,0.64,0.46637,0.72720
2,0.32,0.48,0.44583,0.46175
2,0.58,0.55,0.44583,0.12067
2,0.58,0.55,0.44583,0.12067
2,0.55,0.55,0.44583,0.75063
2,0.37,0.72,0.59215,0.03175
2,0.50,0.47,0.44583,0.38209
2,0.49,0.55,0.44583,0.20252
2,1.00,0.64,0.46637,0.22258
2,0.83,0.59,0.46637,0.01198
2,0.45,0.39,0.44583,0.01198
2,0.50,0.49,0.44583,0.00775
2,0.51,0.53,0.44583,0.18473
2,0.55,0.55,0.44583,0.06167
2,0.51,0.55,0.44583,0.06167
2,0.34,0.55,0.44583,0.34076
2,0.44,0.47,0.44583,0.13182
2,0.45,0.53,0.49598,0.72720
2,0.51,0.52,0.44583,0.41803
2,0.35,0.42,0.60787,0.41803
2,0.50,0.54,0.44583,0.37830
2,0.78,0.69,0.46637,0.97507
2,0.62,0.53,0.44583,0.19522
2,0.63,0.56,0.44583,0.16937
2,0.50,0.48,0.44583,0.16937
2,0.76,0.74,0.46637,0.49917
2,0.62,0.52,0.56246,0.49917
2,0.44,0.59,0.44583,0.31780
2,0.40,0.47,0.44583,0.60355
2,0.59,0.54,0.44583,0.50917
2,0.28,0.45,0.56246,0.50917
2,0.62,0.77,0.86517,0.73041
2,0.55,0.77,0.46637,0.73041
2,0.55,0.56,0.86517,0.59357
2,0.26,0.59,0.44583,0.47691
2,0.60,0.55,0.39309,0.23421
2,0.32,0.52,0.56246,0.23421
2,0.58,0.62,0.46637,0.15988
2,0.53,0.52,0.44583,0.25839
2,0.53,0.52,0.44583,0.25839
2,0.50,0.48,0.44583,0.23421
2,0.44,0.56,0.44583,0.56595
2,0.62,0.57,0.91996,0.38515
2,0.31,0.48,0.56246,0.38515
2,0.86,0.70,0.46637,0.69710
2,0.83,0.77,0.46637,0.81410
2,0.63,0.56,0.44583,0.81410
2,0.73,0.53,0.44583,0.97654
2,0.73,0.53,0.44583,0.34364
2,0.68,0.48,0.44583,0.34364
2,0.68,0.48,0.44583,0.34364
2,0.68,0.48,0.44583,0.34364
2,0.32,0.77,0.14150,0.50260
2,0.94,0.70,0.46637,0.50260
2,0.47,0.43,0.44583,0.50260
2,0.40,0.44,0.44583,0.56729
2,0.51,0.48,0.44583,0.56729
2,0.73,0.77,0.91996,0.74643
2,0.58,0.61,0.46637,0.74643
2,0.65,0.66,0.46637,0.27581
2,0.51,0.53,0.44583,0.27581
2,0.62,0.56,0.44583,0.06863
2,0.72,0.74,0.46637,0.06863
2,0.47,0.55,0.44583,0.63367
2,0.50,0.62,0.39309,0.61829
2,0.42,0.45,0.44583,0.45907
2,0.91,0.70,0.46637,0.20565
2,0.47,0.48,0.44583,0.56595
2,0.44,0.55,0.44583,0.56595
2,0.44,0.55,0.44583,0.56595
2,0.44,0.55,0.44583,0.56595
2,0.44,0.55,0.44583,0.56595
2,0.44,0.55,0.44583,0.56595
2,0.51,0.59,0.44583,0.56595
2,0.51,0.59,0.44583,0.56595
2,0.47,0.62,0.21017,0.56595
2,0.55,0.56,0.56246,0.56595
2,0.51,0.59,0.44583,0.56595
2,0.55,0.53,0.44583,0.78146
2,0.83,0.72,0.46637,0.61095
2,0.58,0.51,0.44583,0.61095
2,0.73,0.66,0.46637,0.54847
2,0.51,0.55,0.44583,0.54847
2,0.32,0.35,0.44583,0.48339
2,0.40,0.46,0.07392,0.38670
2,0.52,0.51,0.44583,0.38670
2,0.62,0.75,0.46637,0.86730
2,0.62,0.55,0.44583,0.54738
2,0.53,0.51,0.44583,0.62705
2,0.73,0.52,0.44583,0.81093
2,0.47,0.48,0.44583,0.42063
2,0.54,0.61,0.44583,0.61733
2,0.54,0.61,0.44583,0.61733
2,0.58,0.48,0.44583,0.82454
2,0.51,0.52,0.44583,0.11773
2,0.58,0.55,0.44583,0.79512
2,0.51,0.55,0.44583,0.00775
2,0.39,0.59,0.56246,0.65120
2,0.39,0.59,0.56246,0.65120
2,0.58,0.64,0.46637,0.46441
2,0.35,0.35,0.44583,0.41267
2,0.55,0.59,0.44583,0.41267
2,0.76,0.47,0.44583,0.59357
2,0.44,0.55,0.44583,0.30378
2,0.51,0.55,0.44583,0.15648
2,0.71,0.58,0.44583,0.22258
2,0.31,0.49,0.44583,0.36746
2,0.47,0.56,0.44583,0.12280
2,0.53,0.59,0.44583,0.54847
2,0.65,0.50,0.44583,0.40994
2,0.51,0.55,0.05216,0.08922
2,0.50,0.54,0.44583,0.73076
2,0.51,0.46,0.44583,0.70769
2,0.58,0.51,0.44583,0.28929
2,0.37,0.56,0.44583,0.36560
2,0.55,0.56,0.49598,0.31668
2,0.54,0.58,0.44583,0.31668
2,0.51,0.62,0.44583,0.31668
2,0.67,0.73,0.44583,0.31668
2,0.44,0.46,0.44583,0.31668
2,0.47,0.53,0.44583,0.31668
2,0.44,0.46,0.44583,0.31668
2,0.51,0.62,0.44583,0.31668
2,0.51,0.62,0.44583,0.31668
2,0.44,0.46,0.44583,0.31668
2,0.51,0.55,0.44583,0.28213
2,0.75,0.73,0.46637,0.13269
2,0.47,0.47,0.44583,0.13269
2,0.55,0.74,0.46564,0.23421
2,0.72,0.70,0.86517,0.94345
2,0.50,0.66,0.46637,0.07784
2,0.32,0.49,0.34732,0.54375
2,0.49,0.54,0.44583,0.28929
2,0.51,0.59,0.44583,0.13508
2,0.47,0.59,0.75229,0.77497
2,0.56,0.69,0.46637,0.77497
2,0.63,0.62,0.44583,0.06167
2,0.62,0.77,0.59215,0.06167
2,0.44,0.43,0.56246,0.28929
2,0.44,0.61,0.39309,0.40414
2,0.51,0.49,0.44583,0.40414
2,0.65,0.51,0.44583,0.40414
2,0.65,0.51,0.44583,0.40414
2,0.55,0.52,0.44583,0.72720
2,0.51,0.57,0.39309,0.72720
2,0.51,0.57,0.39309,0.72720
2,0.55,0.52,0.44583,0.72720
2,0.65,0.53,0.44583,0.41803
2,0.55,0.55,0.44583,0.67730
2,0.40,0.53,0.44583,0.45123
2,0.65,0.73,0.46637,0.96237
2,0.62,0.74,0.46637,0.69710
2,0.51,0.52,0.44583,0.69710
2,0.47,0.47,0.44583,0.20046
2,0.73,0.56,0.44583,0.75378
2,0.48,0.50,0.44583,0.58786
2,0.69,0.50,0.44583,0.40002
2,0.51,0.44,0.44583,0.40002
2,0.55,0.51,0.44583,0.79235
2,0.47,0.48,0.44583,0.13409
2,0.51,0.54,0.44583,0.20565
2,0.62,0.66,0.46637,0.92071
2,0.68,0.77,0.46637,0.74505
2,0.64,0.62,0.44583,0.74505
2,0.44,0.51,0.44583,0.03381
2,0.44,0.51,0.44583,0.03381
2,0.50,0.53,0.44583,0.69191
2,0.47,0.48,0.44583,0.69191
2,0.55,0.56,0.44583,0.09943
2,0.55,0.56,0.44583,0.09943
2,0.73,0.62,0.46637,0.06167
2,0.62,0.59,0.44583,0.06167
2,0.73,0.62,0.46637,0.06167
2,0.58,0.68,0.46637,0.26460
2,0.37,0.59,0.44583,0.26460
2,0.48,0.53,0.44583,0.06167
2,0.55,0.72,0.46637,0.06167
2,0.62,0.59,0.44583,0.06167
2,0.55,0.53,0.44583,0.06167
2,0.55,0.52,0.56246,0.06167
2,0.83,0.51,0.56246,0.06167
2,0.51,0.55,0.44583,0.40414
2,0.63,0.66,0.46637,0.72720
2,0.63,0.66,0.46637,0.72720
2,0.47,0.51,0.44583,0.28489
2,0.51,0.51,0.44583,0.19382
2,0.51,0.51,0.44583,0.19382
2,0.51,0.51,0.44583,0.19382
2,0.62,0.69,0.46637,0.45857
2,0.62,0.69,0.46637,0.45857
2,0.58,0.56,0.44583,0.74719
2,0.37,0.35,0.44583,0.41803
2,0.51,0.52,0.44583,0.05912
2,0.51,0.52,0.44583,0.05912
2,0.53,0.72,0.40722,0.23631
2,0.62,0.68,0.46637,0.12499
2,0.62,0.68,0.46637,0.12499
2,0.51,0.62,0.39309,0.12499
2,0.44,0.70,0.46637,0.12499
2,0.62,0.68,0.46637,0.12499
2,0.71,0.77,0.46564,0.12499
2,0.73,0.77,0.46637,0.12499
2,0.62,0.68,0.46637,0.12499
2,0.62,0.72,0.46637,0.13826
2,0.71,0.74,0.46564,0.13826
2,0.71,0.77,0.46564,0.13826
2,0.44,0.68,0.46637,0.13826
2,0.62,0.68,0.46637,0.01802
2,0.71,0.77,0.46564,0.01802
2,0.62,0.62,0.46637,0.01802
2,0.47,0.48,0.44583,0.63317
2,0.56,0.51,0.44583,0.02945
2,0.45,0.48,0.44583,0.02945
2,0.47,0.51,0.44583,0.06062
2,0.54,0.52,0.44583,0.40522
2,0.55,0.55,0.44583,0.25754
2,0.51,0.55,0.44583,0.46178
2,0.37,0.54,0.44583,0.30254
2,0.62,0.77,0.91996,0.39367
2,0.38,0.41,0.60787,0.39367
2,0.40,0.48,0.44583,0.45115
2,0.44,0.70,0.46564,0.23421
2,0.73,0.55,0.44583,0.23421
2,0.73,0.77,0.46637,0.23421
2,0.73,0.55,0.44583,0.23421
2,0.44,0.47,0.56246,0.20565
2,0.55,0.56,0.44583,0.20565
2,0.73,0.39,0.44583,0.60966
2,0.57,0.59,0.39309,0.37117
2,0.58,0.55,0.44583,0.37117
2,0.48,0.53,0.44583,0.06167
2,0.72,0.71,0.46637,0.05247
2,0.62,0.55,0.44583,0.05247
2,0.62,0.55,0.44583,0.05247
2,0.64,0.70,0.46637,0.66656
2,0.69,0.55,0.91996,0.21522
2,0.44,0.58,0.44583,0.66656
2,0.76,0.55,0.44583,0.20337
2,0.40,0.55,0.21017,0.20337
2,0.50,0.55,0.44583,0.08922
2,0.47,0.54,0.44583,0.72720
2,0.47,0.56,0.44583,0.19679
2,0.47,0.56,0.44583,0.19679
2,0.45,0.51,0.44583,0.20046
2,0.81,0.77,0.46637,0.20046
2,0.51,0.55,0.39309,0.20046
2,0.54,0.52,0.44583,0.20046
2,0.45,0.50,0.44583,0.20046
2,0.62,0.77,1.00000,0.20046
2,0.75,0.71,0.46637,0.20046
2,0.50,0.49,0.14557,0.20046
2,0.45,0.50,0.44583,0.20046
2,0.47,0.53,0.44583,0.01045
2,0.47,0.53,0.44583,0.01045
2,0.29,0.45,0.56246,0.30694
2,0.67,0.55,0.44583,0.30694
2,0.65,0.66,0.46637,0.54060
2,0.82,0.55,0.44583,0.54060
2,0.64,0.55,0.44583,0.35836
2,0.73,0.49,0.44583,0.97164
2,0.73,0.49,0.44583,0.97164
2,0.73,0.77,0.64768,0.97164
2,0.65,0.66,0.39309,0.97164
2,0.73,0.49,0.44583,0.97164
2,0.47,0.43,0.44583,0.01472
2,0.53,0.59,0.44583,0.33011
2,0.47,0.60,0.44583,0.33011
2,0.58,0.62,0.56246,0.33011
2,0.80,0.66,0.46637,0.39604
2,0.73,0.72,0.46637,0.39604
2,0.80,0.66,0.46637,0.39604
2,0.73,0.77,0.46637,0.39604
2,0.37,0.65,0.10700,0.39604
2,0.38,0.51,0.44583,0.24142
2,0.38,0.51,0.44583,0.24142
2,0.47,0.51,0.44583,0.01045
2,0.47,0.49,0.44583,0.02198
2,0.51,0.56,0.44583,0.04957
2,0.73,0.65,0.46637,0.16049
2,0.27,0.77,0.51971,0.59357
2,0.55,0.50,0.44583,0.59357
2,0.55,0.49,0.44583,0.59357
2,0.55,0.50,0.44583,0.59357
2,0.55,0.50,0.44583,0.59357
2,0.56,0.59,0.44583,0.59357
2,0.55,0.77,0.46564,0.59357
2,0.66,0.71,0.46637,0.59357
2,0.56,0.59,0.44583,0.59357
2,0.62,0.77,0.91996,0.96451
2,0.65,0.59,0.44583,0.96451
2,0.87,0.76,0.46637,0.96451
2,0.72,0.48,0.44583,0.96451
2,0.69,0.62,0.46637,0.06167
2,0.80,0.53,0.44583,0.26564
2,0.68,0.56,0.74375,0.26564
2,0.68,0.56,0.46637,0.26564
2,0.44,0.49,0.44583,0.26564
2,0.58,0.55,0.44583,0.56595
2,0.87,0.62,0.46637,0.22563
2,0.87,0.62,0.46637,0.22563
2,0.55,0.55,0.44583,0.12772
2,0.73,0.77,0.46637,0.47828
2,0.60,0.48,0.44583,0.36372
2,0.65,0.94,0.46564,0.17398
2,0.83,0.66,0.46637,0.17398
2,0.44,0.55,0.44583,0.56509
2,0.63,0.57,0.44583,0.28145
2,0.53,0.48,0.44583,0.75378
2,0.68,0.59,0.56246,0.53651
2,0.62,0.59,0.44583,0.53651
2,0.47,0.48,0.44583,0.00775
2,0.46,0.59,0.44583,0.47939
2,0.35,0.38,0.44583,0.28929
2,0.51,0.48,0.44583,0.28929
2,0.51,0.48,0.44583,0.28929
2,0.51,0.48,0.44583,0.28929
2,0.35,0.38,0.44583,0.28929
2,0.50,0.49,0.44583,0.44711
2,0.50,0.55,0.39309,0.44711
2,0.60,0.57,0.44583,0.84396
2,0.60,0.57,0.44583,0.84396
2,0.55,0.47,0.44583,0.67730
2,0.65,0.66,0.46637,0.03523
2,0.37,0.77,0.59215,0.00775
2,0.65,0.77,0.46637,0.00775
2,0.51,0.51,0.44583,0.01200
2,0.55,0.70,0.46637,0.84396
2,0.55,0.70,0.46637,0.84396
2,0.62,0.57,0.44583,0.12547
2,0.62,0.59,0.52552,0.12547
2,0.40,0.47,0.44583,0.59405
2,0.62,0.66,0.46637,0.59405
2,0.40,0.47,0.44583,0.59405
2,0.47,0.53,0.44583,0.22806
2,0.65,0.59,0.44583,0.92998
2,0.73,0.64,0.46637,0.36089
2,0.73,0.64,0.46637,0.36089
2,0.73,0.64,0.46637,0.36089
2,0.60,0.58,0.44583,0.04482
2,0.53,0.45,0.44583,0.75472
2,0.98,0.46,0.44583,0.23409
2,0.50,0.54,0.44583,0.28213
2,0.50,0.54,0.44583,0.28213
0,0.00,0.39,0.70848,0.81268
0,0.00,0.46,0.56246,0.81268
0,0.09,0.27,0.41332,0.60664
0,0.00,0.47,0.56246,0.60664
0,0.00,0.51,0.44583,0.60664
0,0.00,0.51,0.44583,0.60664
0,0.21,0.39,0.10891,0.60664
0,0.22,0.42,0.81990,0.79128
0,0.22,0.42,0.81990,0.79128
0,0.00,0.30,0.41332,0.86499
0,0.19,0.43,0.31309,0.70398
0,0.19,0.43,0.31309,0.70398
0,0.38,0.51,0.44583,0.75926
0,0.10,0.33,0.16544,0.75926
0,0.13,0.35,0.31309,0.75926
0,0.26,0.41,0.14557,0.62037
0,0.24,0.41,0.43721,0.62037
0,0.15,0.31,0.43721,0.72720
0,0.00,0.34,0.27293,0.91076
0,0.00,0.51,0.44583,0.91076
0,0.00,0.47,0.44583,0.61021
0,0.00,0.37,0.28994,0.61021
0,0.00,0.53,0.45666,0.97654
0,0.00,0.47,0.55751,0.97654
0,0.00,0.66,0.14557,0.97654
0,0.14,0.37,0.70848,0.75063
0,0.17,0.47,0.21017,0.75063
0,0.00,0.38,0.27293,0.54828
0,0.00,0.60,0.44583,0.54828
0,0.00,0.60,0.56246,0.54828
0,0.00,0.48,0.44583,0.67730
0,0.00,0.41,0.60787,0.67730
0,0.00,0.41,0.44110,0.67730
0,0.00,0.67,0.46637,0.97172
0,0.00,0.47,0.21017,0.97172
0,0.00,0.38,0.70848,0.97172
0,0.00,0.55,0.44583,0.97172
0,0.00,0.39,0.56246,0.97172
0,0.00,0.35,0.74375,0.89526
0,0.15,0.35,0.86517,0.89526
0,0.33,0.27,0.56246,0.89526
0,0.17,0.38,0.43721,0.72720
0,0.44,0.52,0.44583,0.72720
0,0.15,0.39,0.55751,0.72720
0,0.33,0.40,0.02292,0.72720
0,0.00,0.61,0.44583,0.94047
0,0.00,0.37,0.07331,0.94047
0,0.00,0.50,0.21017,0.94047
0,0.00,0.44,0.94546,0.94047
0,0.00,0.47,0.70848,0.94047
0,0.13,0.63,0.39309,0.49917
0,0.40,0.62,0.14557,0.71096
0,0.00,0.48,0.44583,0.71096
0,0.24,0.39,0.07331,0.60355
0,0.47,0.48,0.44583,0.97704
0,0.29,0.39,0.81990,0.97704
0,0.26,0.39,0.10891,0.97704
0,0.19,0.40,0.87150,0.97704
0,0.44,0.56,0.77375,0.97704
0,0.19,0.40,0.87150,0.97704
0,0.26,0.39,0.10891,0.97704
0,0.47,0.48,0.44583,0.97704
0,0.00,0.37,0.70848,0.97704
0,0.29,0.39,0.81990,0.97704
0,0.26,0.39,0.10891,0.97704
0,0.19,0.40,0.87150,0.97704
0,0.26,0.43,0.28994,0.73041
0,0.37,0.52,0.44583,0.73041
0,0.00,0.57,0.86517,0.95633
0,0.35,0.38,0.44583,0.95633
0,0.22,0.47,0.10700,0.95633
0,0.00,0.41,0.10891,0.95633
0,0.00,0.53,0.87150,0.95633
0,0.37,0.55,0.44583,0.95633
0,0.00,0.43,0.17396,0.95633
0,0.00,0.00,0.43721,0.47994
0,0.00,0.62,0.56246,0.47994
0,0.00,0.00,0.46637,0.47994
0,0.12,0.38,0.27293,0.73312
0,0.00,0.00,0.14557,0.67730
0,0.00,0.00,0.10891,0.67730
0,0.00,0.00,0.56246,0.67730
0,0.00,0.40,0.27241,0.89206
0,0.20,0.35,0.27241,0.89206
0,0.06,0.35,0.43261,0.64644
0,0.33,0.51,0.44583,0.64644
0,0.00,0.43,0.55751,0.64644
0,0.00,0.44,0.18808,0.64644
0,0.12,0.41,0.34410,0.64644
0,0.06,0.41,0.10891,0.64644
0,0.58,0.48,0.44583,0.88700
0,0.00,0.45,0.44583,0.79673
0,0.00,0.37,0.28837,0.79673
0,0.38,0.47,0.21017,0.91402
0,0.38,0.45,0.21017,0.91402
0,0.58,0.55,0.44583,0.91402
0,0.19,0.47,0.94546,0.91402
0,0.00,0.43,0.56246,0.91402
0,0.29,0.41,0.56246,0.70769
0,0.00,0.39,0.27293,0.72720
0,0.00,0.39,0.16544,0.56595
0,0.16,0.39,0.03435,0.56595
0,0.21,0.43,0.10891,0.56595
0,0.00,0.41,0.56246,0.59481
0,0.00,0.48,0.56246,0.93026
0,0.12,0.39,0.56246,0.86851
0,0.13,0.41,0.92735,0.86851
0,0.00,0.38,0.17396,0.86851
0,0.47,0.48,0.44583,0.86851
0,0.29,0.47,0.70848,0.69710
0,0.15,0.47,0.55751,0.69710
0,0.00,0.51,0.87150,0.81410
0,0.00,0.61,0.16544,0.81410
0,0.00,0.47,0.17396,0.81410
0,0.00,0.51,0.10891,0.81410
0,0.12,0.53,0.10891,0.81410
0,0.00,0.53,0.44583,0.81410
0,0.11,0.39,0.49598,0.72720
0,0.27,0.44,0.92735,0.94138
0,0.00,0.41,0.21017,0.97654
0,0.19,0.41,0.70848,0.97654
0,0.26,0.49,0.56246,0.97654
0,0.26,0.49,0.56246,0.97654
0,0.19,0.41,0.70848,0.97654
0,0.00,0.39,0.43721,0.62985
0,0.00,0.51,0.44583,0.62985
0,0.00,0.00,0.55751,0.74719
0,0.00,0.00,0.56246,0.74719
0,0.00,0.00,0.70848,0.74719
0,0.00,0.00,0.28837,0.74719
0,0.22,0.43,0.56246,0.50260
0,0.26,0.43,0.56246,0.62147
0,0.08,0.38,0.70848,0.62147
0,0.14,0.36,0.27241,0.56729
0,0.14,0.36,0.27241,0.56729
0,0.00,0.33,0.10891,0.56729
0,0.00,0.00,0.49598,0.56729
0,0.00,0.31,0.70848,0.88119
0,0.00,0.39,0.70848,0.88119
0,0.00,0.27,0.70848,0.88119
0,0.07,0.30,0.41332,0.74643
0,0.26,0.33,0.44583,0.74643
0,0.00,0.54,0.52088,0.72720
0,0.00,0.54,0.52088,0.72720
0,0.00,0.39,0.70848,0.72272
0,0.00,0.39,0.56246,0.72272
0,0.33,0.47,0.14557,0.63367
0,0.17,0.39,0.27293,0.63367
0,0.29,0.43,0.34410,0.61829
0,0.19,0.43,0.18808,0.56595
0,0.00,0.43,0.34410,0.56595
0,0.00,0.47,0.21017,0.56595
0,0.00,0.35,0.44583,0.56595
0,0.00,0.41,0.10891,0.56595
0,0.19,0.43,0.59469,0.56595
0,0.00,0.39,0.27241,0.56595
0,0.14,0.39,0.55751,0.56595
0,0.44,0.52,0.44583,0.72503
0,0.10,0.34,0.10891,0.72720
0,0.09,0.36,0.27293,0.84692
0,0.55,0.51,0.44583,0.84692
0,0.18,0.41,0.56246,0.84692
0,0.18,0.41,0.56246,0.84692
0,0.17,0.38,0.60787,0.78146
0,0.16,0.44,0.70848,0.78146
0,0.00,0.39,0.43721,0.82444
0,0.00,0.41,0.56246,0.82444
0,0.00,0.45,0.28994,0.82444
0,0.00,0.48,0.74375,0.82444
0,0.00,0.30,0.49598,0.55393
0,0.00,0.38,0.70848,0.77882
0,0.22,0.59,0.28994,0.77882
0,0.19,0.59,0.25581,0.72272
0,0.00,0.46,0.14557,0.72272
0,0.00,0.00,0.56246,0.72272
0,0.00,0.00,0.56246,0.72272
0,0.12,0.41,0.55751,0.72272
0,0.19,0.41,0.56246,0.72272
0,0.47,0.51,0.44583,1.00000
0,0.00,0.35,0.41332,1.00000
0,0.19,0.38,0.70848,0.63317
0,0.00,0.43,0.21017,0.63317
0,0.00,0.51,0.56246,0.92650
0,0.00,0.52,0.86650,0.92650
0,0.00,0.43,0.87150,0.92650
0,0.00,0.35,0.70848,0.92650
0,0.00,0.43,0.17396,0.92650
0,0.00,0.54,0.21017,0.92650
0,0.00,0.47,0.44583,0.92650
0,0.00,0.35,0.81990,0.72720
0,0.00,0.47,0.27293,0.72720
0,0.00,0.43,0.21017,0.61095
0,0.00,0.55,0.45666,0.61095
0,0.00,0.51,0.44583,0.81093
0,0.00,0.51,0.44583,0.81093
0,0.00,0.56,0.44583,0.94660
0,0.00,0.39,0.70848,0.81675
0,0.27,0.49,0.56246,0.82757
0,0.19,0.38,0.21484,0.54847
0,0.00,0.36,0.60787,0.54847
0,0.12,0.39,0.54860,0.48339
0,0.12,0.41,0.94546,0.86730
0,0.55,0.49,0.44583,0.86730
0,0.09,0.39,0.06278,0.86730
0,0.00,0.39,0.16544,0.86730
0,0.33,0.34,0.92735,0.91076
0,0.19,0.41,0.92735,0.91076
0,0.20,0.42,0.56246,0.54738
0,0.00,0.00,0.56246,0.92071
0,0.00,0.00,0.74375,0.83113
0,0.00,0.00,0.46637,0.83113
0,0.00,0.00,0.92735,0.83113
0,0.00,0.00,0.07392,0.83113
0,0.00,0.00,0.28837,0.83113
0,0.00,0.38,0.52088,0.59179
0,0.00,0.40,0.52088,0.59179
0,0.13,0.40,0.16544,0.81093
0,0.36,0.45,0.56246,0.81093
0,0.14,0.35,0.10891,0.69877
0,0.00,0.39,0.14150,0.61733
0,0.00,0.39,0.14150,0.61733
0,0.00,0.43,0.16544,0.61733
0,0.00,0.35,0.60787,0.61733
0,0.00,0.55,0.87150,0.87707
0,0.44,0.34,0.44583,0.82454
0,0.17,0.38,0.70848,0.98606
0,0.45,0.55,0.75229,0.98606
0,0.00,0.40,0.10891,0.98606
0,0.00,0.41,0.92735,0.98606
0,0.00,0.38,0.21017,0.98606
0,0.35,0.42,0.07331,0.98606
0,0.00,0.36,0.16544,0.65120
0,0.00,0.40,0.44583,0.65120
0,0.00,0.54,0.46637,0.65120
0,0.00,0.39,0.02077,0.65120
0,0.00,0.70,0.46637,0.98899
0,0.58,0.62,0.91996,0.98899
0,0.00,0.67,0.40722,0.98899
0,0.17,0.39,0.10891,0.98899
0,0.00,0.41,0.14557,0.98899
0,0.53,0.62,0.56246,0.98899
0,0.00,0.43,0.92735,0.98899
0,0.00,0.59,0.44583,0.98899
0,0.00,0.43,0.92735,0.98899
0,0.00,0.37,0.70848,0.98899
0,0.00,0.51,0.52687,0.59357
0,0.00,0.00,0.44583,0.52583
0,0.14,0.39,0.55751,0.95554
0,0.47,0.54,0.44583,0.95554
0,0.29,0.45,0.21017,0.54847
0,0.00,0.31,0.49598,0.59841
0,0.13,0.41,0.27293,0.90241
0,0.16,0.47,0.50002,0.90241
0,0.00,0.40,0.21017,0.90241
0,0.07,0.33,0.16544,0.90241
0,0.35,0.52,0.44583,0.90241
0,0.16,0.47,0.02077,0.90241
0,0.00,0.41,0.27293,0.90241
0,0.00,0.44,0.56246,0.73076
0,0.14,0.43,0.27241,0.73076
0,0.20,0.41,0.50002,0.70769
0,0.00,0.47,0.55751,0.70769
0,0.15,0.33,0.27241,0.70769
0,0.00,0.53,0.56246,0.70769
0,0.08,0.33,0.55751,0.70769
0,0.04,0.34,0.41332,0.70769
0,0.53,0.55,0.44583,0.92978
0,0.00,0.39,0.92735,0.86284
0,0.51,0.52,0.44583,0.96107
0,0.40,0.46,0.44583,0.98899
0,0.22,0.42,0.92735,0.98899
0,0.22,0.42,0.92735,0.98899
0,0.14,0.33,0.10891,0.98899
0,0.14,0.33,0.10891,0.98899
0,0.15,0.33,0.10891,0.98899
0,0.14,0.41,0.49598,0.72272
0,0.00,0.42,0.56246,0.48514
0,0.00,0.00,0.44583,0.48514
0,0.17,0.41,0.70848,0.81093
0,0.14,0.45,0.16544,0.81093
0,0.24,0.44,0.21017,0.81093
0,0.44,0.48,0.44583,0.81093
0,0.20,0.45,0.88529,0.81093
0,0.17,0.41,0.70848,0.81093
0,0.24,0.44,0.21017,0.81093
0,0.19,0.45,0.34410,0.81093
0,0.27,0.35,0.87150,0.81093
0,0.14,0.45,0.16544,0.81093
0,0.20,0.45,0.88529,0.81093
0,0.10,0.40,0.55751,0.81093
0,0.47,0.59,0.14557,0.81093
0,0.48,0.62,0.13756,0.81093
0,0.24,0.44,0.21017,0.81093
0,0.17,0.45,0.02292,0.81093
0,0.19,0.33,0.28837,0.81093
0,0.44,0.48,0.44583,0.81093
0,0.17,0.41,0.70848,0.81093
0,0.36,0.41,0.92735,0.87617
0,0.00,0.41,0.49598,0.87617
0,0.04,0.39,0.16544,0.94345
0,0.17,0.55,0.87150,0.94345
0,0.00,0.38,0.70848,0.94345
0,0.00,0.38,0.70848,0.94345
0,0.15,0.38,0.95766,0.94345
0,0.22,0.39,0.03435,0.94345
0,0.00,0.47,0.95766,0.94345
0,0.08,0.43,0.55751,0.94345
0,0.22,0.42,0.03435,0.94345
0,0.35,0.41,0.92735,0.94345
0,0.17,0.55,0.87150,0.94345
0,0.51,0.55,0.44583,0.94345
0,0.19,0.46,0.34410,0.94345
0,0.19,0.38,0.56246,0.94345
0,0.27,0.47,0.14557,0.94345
0,0.35,0.41,0.92735,0.94345
0,0.22,0.42,0.03435,0.94345
0,0.32,0.45,0.92735,0.94557
0,0.52,0.52,0.91996,0.94557
0,0.00,0.55,0.44583,0.98899
0,0.00,0.62,0.52552,0.98899
0,0.00,0.45,0.60787,0.98899
0,0.00,0.43,0.10891,0.98899
0,0.00,0.47,0.99980,0.98899
0,0.00,0.47,0.87150,0.98899
0,0.00,0.33,0.70848,0.98899
0,0.00,0.41,0.92735,0.98899
0,0.29,0.55,0.44583,0.57711
0,0.13,0.36,0.16544,0.86164
0,0.11,0.34,0.27241,0.86164
0,0.33,0.48,0.05216,0.64644
0,0.00,0.38,0.52088,0.64644
0,0.21,0.39,0.27293,0.64644
0,0.31,0.46,0.44583,0.64644
0,0.15,0.46,0.14150,0.64644
0,0.22,0.43,0.34410,0.64644
0,0.31,0.46,0.44583,0.64644
0,0.21,0.39,0.27293,0.64644
0,0.08,0.38,0.10891,0.64644
0,0.21,0.39,0.27293,0.64644
0,0.31,0.46,0.44583,0.64644
0,0.00,0.38,0.55751,0.58275
0,0.29,0.48,0.49598,0.77497
0,0.16,0.49,0.43721,0.69713
0,0.00,0.33,0.05216,0.63214
0,0.00,0.55,0.44583,0.67730
0,0.00,0.40,0.49598,0.67730
0,0.29,0.40,0.34732,0.67730
0,0.00,0.51,0.21017,0.67730
0,0.00,0.53,0.52088,0.72720
0,0.16,0.21,0.43261,0.72720
0,0.15,0.30,0.10891,0.72720
0,0.15,0.30,0.10891,0.72720
0,0.15,0.30,0.10891,0.72720
0,0.15,0.30,0.10891,0.72720
0,0.15,0.30,0.10891,0.72720
0,0.15,0.30,0.10891,0.72720
0,0.15,0.30,0.10891,0.72720
0,0.15,0.30,0.10891,0.72720
0,0.15,0.30,0.10891,0.72720
0,0.15,0.30,0.10891,0.72720
0,0.15,0.30,0.10891,0.72720
0,0.15,0.30,0.10891,0.72720
0,0.44,0.45,0.56246,0.72720
0,0.26,0.45,0.14557,0.72720
0,0.44,0.47,0.05216,0.72720
0,0.44,0.45,0.56246,0.72720
0,0.24,0.40,0.07331,0.72720
0,0.24,0.38,0.56246,0.67730
0,0.20,0.46,0.55751,0.67730
0,0.15,0.43,0.17396,0.67730
0,0.00,0.00,0.44583,0.95134
0,0.14,0.41,0.63257,0.98399
0,0.12,0.38,0.49598,0.98399
0,0.58,0.56,0.52650,0.98399
0,0.47,0.52,0.52650,0.98399
0,0.33,0.38,0.52650,0.98399
0,0.00,0.39,0.52088,0.55734
0,0.00,0.40,0.52088,0.55734
0,0.00,0.43,0.16544,1.00000
0,0.00,0.51,0.44583,1.00000
0,0.00,0.55,0.44583,1.00000
0,0.00,0.39,0.56246,1.00000
0,0.00,0.52,0.59469,1.00000
0,0.00,0.54,0.44583,0.98261
0,0.12,0.39,0.94546,0.96237
0,0.37,0.39,0.92735,0.96237
0,0.12,0.41,0.22714,0.96237
0,0.00,0.55,0.44583,0.62913
0,0.18,0.59,0.52687,0.62913
0,0.19,0.45,0.54010,0.69710
0,0.19,0.43,0.34410,0.69710
0,0.15,0.37,0.27293,0.69710
0,0.15,0.52,0.21484,0.69710
0,0.33,0.38,0.31309,0.69710
0,0.00,0.45,0.02077,0.68796
0,0.12,0.39,0.70848,0.68796
0,0.00,0.53,0.44583,0.68796
0,0.00,0.45,0.02077,0.68796
0,0.09,0.51,0.96786,0.97704
0,0.47,0.51,0.44583,0.97704
0,0.47,0.51,0.44583,0.97704
0,0.37,0.43,0.92735,0.97704
0,0.47,0.51,0.44583,0.97704
0,0.09,0.51,0.96786,0.97704
0,0.00,0.00,0.55751,0.50101
0,0.00,0.00,0.56246,0.50101
0,0.00,0.40,0.56246,0.86851
0,0.00,0.43,0.07331,0.86851
0,0.51,0.47,0.44583,0.86851
0,0.08,0.45,0.94546,0.86851
0,0.00,0.38,0.70848,0.86851
0,0.47,0.49,0.44583,0.97063
0,0.09,0.38,0.10891,0.97063
0,0.14,0.36,0.31309,0.73481
0,0.14,0.36,0.31309,0.73481
0,0.14,0.36,0.31309,0.73481
0,0.14,0.36,0.31309,0.73481
0,0.00,0.62,0.40722,0.54828
0,0.09,0.39,0.17396,0.58786
0,0.07,0.38,0.43721,0.58786
0,0.22,0.41,0.60787,0.72550
0,0.22,0.47,0.21484,0.72550
0,0.29,0.45,0.14557,0.79235
0,0.31,0.45,0.56246,0.79235
0,0.15,0.41,0.16544,0.79235
0,0.00,0.47,0.21017,0.64671
0,0.00,0.59,0.14557,0.64671
0,0.14,0.30,0.28837,0.92137
0,0.23,0.40,0.45666,0.92137
0,0.15,0.41,0.43721,0.64470
0,0.00,0.48,0.44583,0.64470
0,0.00,0.45,0.56246,0.64470
0,0.24,0.40,0.56246,0.72720
0,0.00,0.56,0.52939,0.92071
0,0.00,0.52,0.34410,0.92071
0,0.16,0.35,0.45666,0.92071
0,0.00,0.43,0.44583,0.92071
0,0.00,0.43,0.14150,0.92071
0,0.14,0.39,0.10891,0.92071
0,0.22,0.70,0.29501,0.92071
0,0.11,0.47,0.16544,0.92071
0,0.19,0.47,0.70848,0.74505
0,0.00,0.37,0.60787,0.75378
0,0.00,0.48,0.44583,0.75378
0,0.15,0.39,0.21484,0.82719
0,0.35,0.51,0.14557,0.82719
0,0.26,0.39,0.56246,0.82719
0,0.00,0.62,0.46637,0.82719
0,0.00,0.62,0.46637,0.82719
0,0.00,0.39,0.86517,0.82719
0,0.00,0.39,0.21484,0.82719
0,0.00,0.51,0.14557,0.82719
0,0.00,0.43,0.07331,0.69191
0,0.00,0.39,0.21484,0.69191
0,0.00,0.55,0.40722,0.69191
0,0.00,0.64,0.16544,0.69191
0,0.18,0.47,0.56246,0.69191
0,0.09,0.39,0.55751,0.69191
0,0.12,0.43,0.10891,0.69191
0,0.14,0.35,0.27241,0.69191
0,0.22,0.45,0.21017,0.69191
0,0.25,0.29,0.21017,0.79229
0,0.16,0.29,0.55751,0.79229
0,0.09,0.41,0.16544,0.84277
0,0.22,0.41,0.87150,0.84277
0,0.45,0.55,0.44583,0.84277
0,0.12,0.41,0.70848,0.84277
0,0.00,0.44,0.56246,0.71861
0,0.45,0.49,0.44583,0.86851
0,0.45,0.49,0.44583,0.86851
0,0.09,0.38,0.55751,0.86851
0,0.18,0.39,0.87150,0.86851
0,0.51,0.45,0.44583,0.86851
0,0.00,0.65,0.46637,0.98899
0,0.00,0.62,0.44583,0.98899
0,0.00,0.59,0.44583,0.98899
0,0.00,0.59,0.75229,0.98899
0,0.00,0.51,0.21484,0.98899
0,0.06,0.34,0.41332,0.98899
0,0.00,0.59,0.44583,0.98899
0,0.00,0.41,0.92735,0.98899
0,0.00,0.39,0.43721,0.54060
0,0.00,0.53,0.44583,0.54060
0,0.00,0.38,0.55751,0.88462
0,0.00,0.38,0.03435,0.88462
0,0.00,0.00,0.92735,0.88462
0,0.00,0.31,0.47746,0.48049
0,0.00,0.39,0.49598,0.48049
0,0.00,0.48,0.49598,0.48049
0,0.00,0.48,0.49598,0.48049
0,0.00,0.43,0.49598,0.48049
0,0.00,0.43,0.49598,0.48049
0,0.00,0.43,0.49598,0.48049
0,0.00,0.33,0.47746,0.48049
0,0.00,0.43,0.59469,0.63961
0,0.00,0.39,0.56246,0.64470
0,0.14,0.44,0.27241,0.60664
0,0.18,0.38,0.34410,0.60664
0,0.11,0.37,0.10891,0.60664
0,0.18,0.36,0.44110,0.60664
0,0.26,0.39,0.60787,0.60664
0,0.00,0.64,0.56246,0.75803
0,0.00,0.31,0.49598,0.47701
0,0.00,0.31,0.49598,0.47701
0,0.08,0.29,0.47746,0.85294
0,0.22,0.41,0.43721,0.85294
0,0.22,0.41,0.34718,0.85294
0,0.26,0.67,0.60787,0.85294
0,0.18,0.33,0.10891,0.85294
0,0.17,0.39,0.17396,0.85294
0,0.18,0.33,0.10891,0.85294
0,0.17,0.55,0.21017,0.85294
0,0.24,0.51,0.18808,0.85294
0,0.12,0.43,0.34410,0.85294
0,0.00,0.41,0.70848,0.72720
0,0.00,0.41,0.70848,0.72720
0,0.00,0.52,0.44583,0.54032
0,0.00,0.38,0.60787,0.54032
0,0.00,0.53,0.14557,0.55901
0,0.00,0.69,0.46637,0.55901
0,0.00,0.51,0.44583,0.55901
0,0.00,0.30,0.28837,0.55901
0,0.15,0.44,0.39015,0.80313
0,0.22,0.44,0.70848,0.80313
0,0.37,0.41,0.56246,0.80313
0,0.26,0.33,0.17396,0.80729
0,0.00,0.56,0.44583,0.84874
0,0.00,0.42,0.55751,0.84874
0,0.00,0.43,0.92735,0.84874
0,0.00,0.43,0.56246,0.80632
0,0.00,0.54,0.44583,0.49393
0,0.00,0.43,0.14150,0.83201
0,0.48,0.48,0.44583,0.83201
0,0.06,0.40,0.16544,0.83201
0,0.26,0.38,0.63257,0.67730
0,0.00,0.37,0.10891,0.72720
0,0.00,0.40,0.39015,0.72720
0,0.00,0.39,0.34732,0.72720
0,0.00,0.35,0.27293,0.72720
0,0.00,0.51,0.21484,0.70596
0,0.00,0.41,0.21484,0.70596
0,0.00,0.34,0.49598,0.63317
0,0.00,0.39,0.27293,0.82638
0,0.00,0.36,0.43721,0.72720
0,0.45,0.39,0.10891,0.72720
0,0.09,0.31,0.47746,0.89867
0,0.13,0.39,0.43721,0.89867
0,0.00,0.40,0.49598,0.70769
0,0.00,0.37,0.10891,0.70769
0,0.00,0.38,0.07331,0.70769
0,0.00,0.37,0.10891,0.70769
0,0.00,0.37,0.10891,0.70769
0,0.00,0.37,0.10891,0.70769
0,0.44,0.48,0.44583,0.91748
0,0.00,0.51,0.56246,0.98899
0,0.00,0.35,0.44583,0.94138
0,0.00,0.38,0.56246,0.94138
0,0.00,0.53,0.44583,0.94138
0,0.00,0.00,0.44583,0.71395
0,0.00,0.00,0.56246,0.71395
0,0.11,0.46,0.10891,0.92245
0,0.13,0.54,0.27241,0.92245
0,0.12,0.47,0.54010,0.92245
0,0.16,0.45,0.07331,0.92245
0,0.50,0.45,0.92735,0.92245
0,0.16,0.45,0.07331,0.92245
0,0.11,0.46,0.10891,0.92245
0,0.26,0.35,0.45666,0.97962
0,0.22,0.43,0.21017,0.97962
0,0.00,0.36,0.27241,0.82719
0,0.13,0.40,0.70848,0.95909
0,0.33,0.43,0.44583,0.95909
0,0.00,0.55,0.75229,0.95909
0,0.19,0.37,0.21017,0.95909
0,0.14,0.45,0.86517,0.95909
0,0.32,0.51,0.44583,0.62705
0,0.32,0.51,0.44583,0.62705
0,0.20,0.45,0.56246,0.62705
0,0.12,0.39,0.55751,0.47691
0,0.29,0.43,0.92735,0.98899
0,0.00,0.53,0.45666,0.98899
0,0.12,0.45,0.86650,0.98899
0,0.23,0.48,0.86650,0.98899
0,0.19,0.45,0.34410,0.98899
0,0.21,0.53,0.21017,0.98899
0,0.51,0.51,0.44583,0.98899
0,0.11,0.39,0.55751,0.98899
0,0.00,0.30,0.17396,0.59481
0,0.00,0.27,0.06278,0.72720
0,0.40,0.39,0.44583,0.75381
0,0.00,0.48,0.34410,0.60966
0,0.00,0.62,0.14150,0.60966
0,0.00,0.39,0.44583,0.60966
0,0.00,0.55,0.28994,0.60966
0,0.00,0.48,0.05216,0.60966
0,0.00,0.62,0.56246,0.60966
0,0.00,0.63,0.56246,0.60966
0,0.00,0.41,0.70848,0.60966
0,0.00,0.40,0.02077,0.60966
0,0.00,0.48,0.55751,0.60966
0,0.00,0.43,0.31309,0.60966
0,0.00,0.48,0.44583,0.60966
0,0.00,0.38,0.16544,0.60966
0,0.00,0.41,0.07331,0.69877
0,0.00,0.00,0.21017,0.69877
0,0.00,0.43,0.22714,0.69877
0,0.00,0.46,0.56246,0.69877
0,0.00,0.39,0.34718,0.69877
0,0.00,0.55,0.44583,0.69877
0,0.00,0.43,0.22714,0.69877
0,0.00,0.40,0.56246,0.84692
0,0.27,0.55,0.21484,0.57907
0,0.00,0.77,0.25581,0.57907
0,0.29,0.44,0.59469,0.57907
0,0.00,0.49,0.44583,0.57907
0,0.21,0.35,0.27293,0.57907
0,0.26,0.44,0.56246,0.54422
0,0.31,0.38,0.31309,0.54422
0,0.26,0.44,0.56246,0.54422
0,0.33,0.39,0.10891,0.60664
0,0.00,0.39,0.44110,0.60664
0,0.22,0.35,0.44583,0.60664
0,0.13,0.35,0.27241,0.60664
0,0.00,0.37,0.16544,0.72720
0,0.00,0.40,0.10891,0.72720
0,0.00,0.37,0.14150,0.72720
0,0.00,0.40,0.70848,0.72720
0,0.00,0.66,0.75229,0.98899
0,0.00,0.64,0.29501,0.98899
0,0.00,0.38,0.81990,0.86851
0,0.51,0.47,0.44583,0.79813
0,0.12,0.43,0.52939,0.54060
0,0.19,0.44,0.09573,0.54060
0,0.00,0.48,0.44583,0.54060
0,0.14,0.38,0.27241,0.54060
0,0.12,0.43,0.52939,0.54060
0,0.19,0.45,0.34410,0.54060
0,0.16,0.41,0.54010,0.54060
0,0.32,0.38,0.60787,0.54060
0,0.00,0.39,0.43721,0.92137
0,0.40,0.47,0.92735,0.92137
0,0.27,0.42,0.10700,0.92137
0,0.17,0.39,0.59469,0.92137
0,0.14,0.39,0.95766,0.92137
0,0.24,0.41,0.92735,0.92137
0,0.44,0.53,0.44583,0.92137
0,0.00,0.39,0.27293,0.97164
0,0.00,0.72,0.46637,0.97164
0,0.00,0.47,0.34410,0.97164
0,0.00,0.62,0.46637,0.97164
0,0.00,0.77,0.59215,0.97164
0,0.00,0.43,0.21484,0.97164
0,0.00,0.39,0.55751,0.97164
0,0.00,0.50,0.42990,0.97164
0,0.00,0.34,0.70848,0.97164
0,0.24,0.41,0.92735,0.97164
0,0.09,0.36,0.10891,0.97164
0,0.00,0.45,0.21017,0.97164
0,0.14,0.55,0.18808,0.71797
0,0.29,0.43,0.44583,0.71797
0,0.00,0.62,0.21484,0.71797
0,0.17,0.39,0.27293,0.71797
0,0.00,0.45,0.92735,0.98899
0,0.00,0.75,0.46637,0.98899
0,0.00,0.64,0.21017,0.98899
0,0.00,0.62,0.46637,0.98899
0,0.00,0.47,0.56246,0.98899
0,0.00,0.43,0.14557,0.98899
0,0.00,0.75,0.46637,0.98899
0,0.00,0.57,0.92735,0.98899
0,0.00,0.48,0.44583,0.98899
0,0.00,0.47,0.92735,0.98899
0,0.00,0.45,0.03435,0.98899
0,0.00,0.43,0.10891,0.98899
0,0.00,0.44,0.92735,0.91291
0,0.00,0.41,0.52088,0.74518
0,0.23,0.40,0.56246,0.63214
0,0.00,0.35,0.70848,0.72720
0,0.36,0.41,0.92735,0.94240
0,0.22,0.41,0.34732,0.59357
0,0.00,0.42,0.02077,0.59357
0,0.17,0.42,0.21017,0.59357
0,0.15,0.45,0.45666,0.59357
0,0.17,0.49,0.00000,0.59357
0,0.00,0.00,0.21017,0.59357
0,0.00,0.42,0.60787,0.59357
0,0.20,0.55,0.07392,0.59357
0,0.17,0.42,0.02077,0.59357
0,0.17,0.43,0.34410,0.59357
0,0.00,0.62,0.25581,0.59357
0,0.17,0.43,0.34410,0.59357
0,0.17,0.42,0.02077,0.59357
0,0.15,0.41,0.17396,0.59357
0,0.00,0.56,0.44583,0.96451
0,0.00,0.45,0.74375,0.96451
0,0.50,0.57,0.44583,0.96451
0,0.27,0.31,0.76322,0.96451
0,0.25,0.43,0.86517,0.96451
0,0.33,0.40,0.87150,0.96451
0,0.33,0.40,0.87150,0.96451
0,0.15,0.40,0.63257,0.96451
0,0.24,0.52,0.21484,0.96451
0,0.00,0.35,0.86650,0.89765
0,0.26,0.43,0.60787,0.70596
0,0.00,0.50,0.44583,0.70596
0,0.00,0.53,0.44583,0.93096
0,0.00,0.44,0.56246,0.93096
0,0.00,0.43,0.34732,0.56595
0,0.26,0.51,0.21017,0.72493
0,0.00,0.55,0.44583,0.72493
0,0.00,0.45,0.55751,0.72493
0,0.31,0.37,0.92735,1.00000
0,0.00,0.00,0.31309,0.89206
0,0.00,0.45,0.56246,0.59481
0,0.00,0.46,0.14557,0.59481
0,0.09,0.40,0.16544,0.97172
0,0.17,0.41,0.03435,0.63367
0,0.37,0.47,0.44583,0.63367
0,0.00,0.41,0.56246,0.77944
0,0.00,0.51,0.44583,0.77944
0,0.00,0.59,0.19308,0.77944
0,0.26,0.55,0.21017,0.56509
0,0.16,0.39,0.16544,0.56509
0,0.21,0.35,0.56246,0.56509
0,0.00,0.39,0.68994,0.75573
0,0.00,0.53,0.44583,0.75573
0,0.00,0.51,0.34718,0.75378
0,0.22,0.47,0.56246,0.75378
0,0.00,0.45,0.44583,0.86284
0,0.00,0.39,0.55751,0.86284
0,0.00,0.62,0.25581,0.86284
0,0.00,0.64,0.52687,0.53651
0,0.33,0.35,0.43721,0.53651
0,0.19,0.64,0.52687,0.53651
0,0.38,0.43,0.92735,0.97962
0,0.00,0.56,0.46637,0.55367
0,0.00,0.38,0.21484,0.55367
0,0.00,0.39,0.60787,0.55367
0,0.08,0.39,0.14150,0.84396
0,0.17,0.31,0.31309,0.84396
0,0.31,0.31,0.44583,0.84396
0,0.13,0.31,0.70848,0.84396
0,0.24,0.31,0.44110,0.84396
0,0.25,0.31,0.92735,0.84396
0,0.22,0.31,0.92735,0.84396
0,0.19,0.37,0.42990,0.67730
0,0.00,0.51,0.52088,0.49140
0,0.00,0.51,0.52088,0.49140
0,0.00,0.51,0.52088,0.49140
0,0.00,0.50,0.45666,0.66656
0,0.00,0.66,0.11182,0.66656
0,0.37,0.35,0.44583,0.86730
0,0.12,0.35,0.55751,0.86730
0,0.00,0.47,0.44583,0.86730
0,0.00,0.31,0.92735,0.84396
0,0.00,0.62,0.52687,0.84396
0,0.00,0.47,0.05216,0.84396
0,0.00,0.47,0.05216,0.84396
0,0.00,0.31,0.16544,0.84396
0,0.00,0.31,0.92735,0.84396
0,0.00,0.53,0.52088,0.58862
0,0.00,0.54,0.52088,0.58862
0,0.00,0.53,0.52088,0.58862
0,0.00,0.53,0.52088,0.58862
0,0.00,0.53,0.52088,0.58862
0,0.27,0.31,0.44583,0.59405
0,0.37,0.44,0.44583,0.59405
0,0.00,0.37,0.55751,0.59405
0,0.00,0.37,0.10891,0.59405
0,0.27,0.31,0.44583,0.59405
0,0.15,0.41,0.14150,0.59405
0,0.08,0.35,0.16544,0.59405
0,0.00,0.37,0.56246,0.48498
0,0.49,0.41,0.44583,0.81214
0,0.15,0.42,0.17396,0.81214
0,0.00,0.55,0.28994,0.81214
0,0.00,0.55,0.44583,0.81214
0,0.00,0.70,0.86650,0.91076
0,0.00,0.55,0.21017,0.91076
0,0.00,0.43,0.56246,0.91076
0,0.00,0.00,0.44583,0.91076
0,0.17,0.45,0.34410,0.80705
0,0.00,0.41,0.31309,0.80705
0,0.40,0.45,0.44583,0.80705
0,0.00,0.00,0.49598,0.92998
0,0.00,0.62,0.18808,0.92998
0,0.00,0.00,0.13756,0.92998
0,0.00,0.00,0.17396,0.92998
0,0.21,0.38,0.15667,0.92998
0,0.00,0.41,0.56246,0.92998
0,0.00,0.43,0.41332,0.97389
0,0.00,0.39,0.44583,0.97389
0,0.00,0.43,0.41332,0.97389
0,0.00,0.43,0.41332,0.97389
0,0.00,0.47,0.44583,0.54424
0,0.22,0.38,0.43261,0.72720
0,0.16,0.53,0.45666,0.72311
0,0.19,0.35,0.43721,0.72311
0,0.00,0.43,0.31309,0.79674
0,0.44,0.55,0.44583,0.79674
0,0.00,0.41,0.21017,0.79674
0,0.28,0.38,0.44583,0.79674
0,0.00,0.46,0.21484,0.80241
0,0.45,0.48,0.44583,0.80241
0,0.17,0.35,0.43721,0.80241
0,0.12,0.37,0.49598,0.72999
0,0.60,0.51,0.44583,0.93325
0,0.12,0.22,0.43721,0.93325
0,0.50,0.51,0.44583,0.98602
